EmployeeID,DistrictID,UnitID,RankID,DesignationID,KGID,FirstName,EmployeeDOB,GenderID,BloodGroupID,PhysicallyChallenged,
1,24,932,1,1,KGID100001,Tripti,06-02-1970,F,B+,0,
2,13,506,2,1,KGID100002,Dominic,03-10-1986,M,O-,0,
3,11,710,1,1,KGID100003,Manbir,24-10-1985,M,B+,0,
4,28,516,5,1,KGID100004,Suhani,14-05-1994,M,O-,0,
5,11,707,2,4,KGID100005,Jatin,01-02-1996,F,A+,0,
6,5,1055,7,2,KGID100006,Naveen,03-11-1992,F,O+,0,
7,29,562,2,2,KGID100007,Vinaya,15-04-1993,F,A+,0,
8,3,372,4,1,KGID100008,Mitali,02-11-1989,F,O+,0,
9,26,896,3,1,KGID100009,Ucchal,03-04-1973,F,O-,0,
10,1,405,4,1,KGID100010,Bhanumati,26-10-1971,F,O-,0,
11,5,1184,7,3,KGID100011,Bhanumati,25-08-1987,M,A+,0,
12,30,324,6,2,KGID100012,Oscar,05-01-1996,F,A+,0,
13,5,1153,2,1,KGID100013,Nathaniel,13-04-1970,F,O+,0,
14,15,742,6,3,KGID100014,Bhavya,16-05-1998,M,O+,0,
15,12,641,2,3,KGID100015,Osha,01-10-1974,M,O-,0,
16,24,928,2,2,KGID100016,Neha,22-05-1983,M,AB+,0,
17,27,666,3,2,KGID100017,Lakshmi,21-02-1978,F,A+,0,
18,28,512,7,1,KGID100018,Saanvi,03-12-1985,F,AB+,0,
19,16,552,1,2,KGID100019,Tripti,19-02-1978,F,B+,0,
20,8,949,4,4,KGID100020,Zarna,13-02-1989,F,B+,0,
21,16,549,2,2,KGID100021,Triya,14-09-1968,F,O-,0,
22,11,716,5,4,KGID100022,Meghana,10-07-1969,F,B+,0,
23,23,419,5,4,KGID100023,Chandran,07-10-1974,M,A+,0,
24,5,1159,1,2,KGID100024,Pallavi,24-12-1988,M,AB+,0,
25,26,888,1,4,KGID100025,Warinder,01-07-2000,F,O-,0,
26,15,757,5,3,KGID100026,Vrishti,08-01-1971,M,A+,0,
27,19,976,5,3,KGID100027,Ayaan,17-09-1991,F,A+,0,
28,29,578,4,2,KGID100028,Tanmayi,22-08-1992,F,A+,0,
29,20,1254,6,3,KGID100029,Yochana,13-04-1977,M,O-,0,
30,17,1212,1,3,KGID100030,Qushi,19-11-1989,M,B+,0,
31,25,660,7,2,KGID100031,Gopal,12-10-1985,M,O-,0,
32,10,609,4,1,KGID100032,Mahika,16-03-1987,M,O+,0,
33,5,1177,7,3,KGID100033,Radhika,23-02-1970,M,A+,0,
34,28,524,5,1,KGID100034,Vedant,05-02-1973,M,AB+,0,
35,5,1113,1,2,KGID100035,Hemal,25-10-1989,M,AB+,0,
36,9,1247,5,2,KGID100036,Nimrat,29-02-1984,F,O-,0,
37,5,1171,5,4,KGID100037,Jai,15-06-1997,M,O-,0,
38,5,1051,6,2,KGID100038,Rachit,11-11-1987,F,AB+,0,
39,19,965,6,3,KGID100039,Megha,03-05-1973,F,O-,0,
40,15,740,1,2,KGID100040,Advika,31-05-1972,M,A+,0,
41,10,624,1,2,KGID100041,Amruta,08-10-1968,M,A+,0,
42,31,350,6,1,KGID100042,Bachittar,10-07-1992,M,A+,0,
43,17,1205,1,3,KGID100043,Nirja,09-03-1975,M,O-,0,
44,28,521,3,4,KGID100044,Yashvi,23-08-1973,M,O-,0,
45,1,413,6,4,KGID100045,Darsh,11-04-1986,M,AB+,0,
46,5,1104,4,2,KGID100046,Mekhala,24-07-1998,M,A+,0,
47,8,952,4,3,KGID100047,Henry,18-02-1994,F,AB+,0,
48,15,756,7,1,KGID100048,Manbir,10-05-1998,M,A+,0,
49,11,690,6,3,KGID100049,Lipika,09-09-1971,M,B+,0,
50,14,474,2,4,KGID100050,Janaki,25-11-1989,M,AB+,0,
51,14,465,3,4,KGID100051,Mahika,22-03-1973,M,A+,0,
52,18,731,7,1,KGID100052,Meghana,17-05-1988,M,O-,0,
53,5,1134,1,1,KGID100053,Watika,29-07-1986,M,B+,0,
54,11,694,4,4,KGID100054,Imaran,30-04-1999,M,AB+,0,
55,17,1202,1,2,KGID100055,Shaurya,09-09-1969,F,A+,0,
56,27,677,3,4,KGID100056,Triveni,03-07-1991,F,AB+,0,
57,4,991,6,4,KGID100057,Arin,26-05-1989,M,B+,0,
58,29,581,2,1,KGID100058,Urmi,17-12-2000,M,O+,0,
59,30,336,1,4,KGID100059,Chakradev,14-09-1991,M,A+,0,
60,22,798,1,2,KGID100060,Darpan,19-07-1973,M,O-,0,
61,31,347,6,2,KGID100061,Ojas,15-10-1995,F,A+,0,
62,9,1242,5,2,KGID100062,Anvi,11-01-1988,M,O-,0,
63,3,361,4,3,KGID100063,Rishi,12-11-1991,F,B+,0,
64,19,963,6,3,KGID100064,Nidra,04-10-1967,M,O+,0,
65,27,683,2,3,KGID100065,Radhika,12-04-1979,F,O+,0,
66,9,1229,7,1,KGID100066,Chaitaly,05-05-1982,M,AB+,0,
67,26,914,5,1,KGID100067,Keya,11-07-1975,M,O-,0,
68,13,496,5,3,KGID100068,Ranveer,22-09-1993,M,O+,0,
69,5,1180,1,2,KGID100069,Qushi,13-08-1992,F,O+,0,
70,23,439,4,3,KGID100070,Yashasvi,01-07-1969,M,O-,0,
71,2,584,6,1,KGID100071,Harinakshi,05-09-1986,M,O+,0,
72,3,396,1,2,KGID100072,Theodore,16-10-1996,F,O+,0,
73,26,897,2,3,KGID100073,Libni,05-04-1984,M,O+,0,
74,22,795,4,3,KGID100074,Chakradev,30-01-1969,M,A+,0,
75,24,927,4,3,KGID100075,Yashoda,15-11-1972,M,A+,0,
76,10,619,7,2,KGID100076,Daniel,16-02-1995,F,B+,0,
77,5,1037,4,4,KGID100077,Charles,21-01-1991,M,A+,0,
78,3,355,6,2,KGID100078,Upkaar,29-06-1989,M,O+,0,
79,26,874,5,2,KGID100079,Aishani,14-09-1993,F,B+,0,
80,30,320,3,3,KGID100080,Matthew,03-03-1984,M,O+,0,
81,13,493,6,2,KGID100081,Aarush,08-03-2001,M,O+,0,
82,5,1076,5,4,KGID100082,Bishakha,09-04-1969,M,B+,0,
83,5,1163,2,2,KGID100083,Eshana,08-10-1977,F,A+,0,
84,14,461,6,3,KGID100084,Jalsa,07-11-1997,F,B+,0,
85,16,551,2,1,KGID100085,Nimrat,09-02-1969,F,A+,0,
86,5,1157,4,2,KGID100086,Xalak,26-01-1982,M,AB+,0,
87,12,636,3,2,KGID100087,Damyanti,15-04-1976,M,A+,0,
88,8,953,2,4,KGID100088,Unni,16-07-1968,F,O+,0,
89,5,1163,1,3,KGID100089,Sathvik,25-03-1979,F,O-,0,
90,27,687,6,3,KGID100090,Krisha,05-04-1978,M,A+,0,
91,5,1176,3,2,KGID100091,Balveer,05-09-1993,F,A+,0,
92,3,389,5,4,KGID100092,Samaksh,15-06-1999,F,O+,0,
93,18,724,5,1,KGID100093,Sai,13-06-1990,F,O-,0,
94,14,472,3,1,KGID100094,Riya,24-09-1976,F,A+,0,
95,22,810,7,2,KGID100095,Anusha,25-06-2001,F,AB+,0,
96,31,349,6,3,KGID100096,Raksha,10-10-1975,F,A+,0,
97,5,1015,3,3,KGID100097,Ijaya,09-12-1984,F,O+,0,
98,11,690,6,3,KGID100098,Karan,21-06-1990,M,B+,0,
99,11,708,6,4,KGID100099,Onkar,21-08-1989,M,O-,0,
100,21,860,3,4,KGID100100,Rachit,05-10-1985,M,O+,0,
101,29,571,2,4,KGID100101,Jacob,04-08-1992,F,AB+,0,
102,18,730,4,2,KGID100102,Ishanvi,17-10-1977,F,B+,0,
103,8,952,1,3,KGID100103,Triya,06-12-2000,F,A+,0,
104,5,1116,7,2,KGID100104,Hemangini,12-09-1988,F,B+,0,
105,5,1103,2,2,KGID100105,Tamanna,19-09-1970,M,A+,0,
106,28,528,4,1,KGID100106,Yashvi,18-05-1986,F,AB+,0,
107,5,1185,6,2,KGID100107,Wahab,04-02-1968,F,AB+,0,
108,27,687,2,2,KGID100108,Dhriti,10-07-1984,M,A+,0,
109,5,1075,4,2,KGID100109,Faras,24-02-1979,M,O-,0,
110,15,753,1,2,KGID100110,Gaurangi,10-04-1986,M,AB+,0,
111,1,414,7,4,KGID100111,Indali,23-04-1968,F,AB+,0,
112,26,905,7,4,KGID100112,Vasatika,16-12-1999,F,B+,0,
113,5,1039,7,4,KGID100113,Liam,15-10-1968,F,O+,0,
114,5,1047,2,3,KGID100114,Thomas,02-12-1995,F,B+,0,
115,16,559,4,1,KGID100115,Faraj,26-01-1999,F,B+,0,
116,16,556,3,3,KGID100116,Jatin,29-08-1970,M,B+,0,
117,23,432,2,4,KGID100117,Girindra,08-01-1995,M,B+,0,
118,31,343,4,4,KGID100118,Alka,30-08-1982,F,O-,0,
119,15,755,4,1,KGID100119,Zayyan,21-02-1979,M,AB+,0,
120,27,676,7,1,KGID100120,Jyoti,09-06-1997,F,AB+,0,
121,6,284,3,3,KGID100121,Harrison,22-08-1967,F,AB+,0,
122,7,829,6,2,KGID100122,Jason,12-04-1968,F,B+,0,
123,16,557,4,4,KGID100123,Bachittar,30-05-1992,M,AB+,0,
124,10,622,6,4,KGID100124,Triya,17-07-1970,M,AB+,0,
125,17,1219,2,1,KGID100125,Udyati,25-02-1985,F,O-,0,
126,21,855,6,1,KGID100126,Amrita,25-01-1991,M,AB+,0,
127,23,416,7,4,KGID100127,Manya,09-09-1989,M,A+,0,
128,16,544,4,3,KGID100128,Tanvi,20-11-1978,M,AB+,0,
129,10,612,3,4,KGID100129,Libni,11-06-1978,F,AB+,0,
130,28,536,7,1,KGID100130,Wishi,02-01-1982,F,A+,0,
131,5,1045,5,1,KGID100131,Simon,16-03-1976,F,B+,0,
132,8,943,1,1,KGID100132,Arjun,27-08-1989,M,B+,0,
133,13,482,7,1,KGID100133,Lavanya,25-06-1970,M,B+,0,
134,1,407,4,1,KGID100134,Chaitanya,19-06-1992,M,AB+,0,
135,4,994,3,3,KGID100135,Urvi,17-12-1971,M,O-,0,
136,26,899,6,1,KGID100136,Gaurika,18-04-1980,M,O+,0,
137,3,388,5,1,KGID100137,Orinder,01-10-1981,F,O-,0,
138,19,971,4,4,KGID100138,Nathaniel,19-05-1995,M,A+,0,
139,26,884,6,2,KGID100139,Alexander,26-12-1987,M,O+,0,
140,5,1148,6,1,KGID100140,Chanakya,09-01-1992,M,O+,0,
141,7,823,4,3,KGID100141,Sathvik,21-01-1984,M,O-,0,
142,8,941,3,1,KGID100142,Fitan,08-02-1977,F,AB+,0,
143,3,386,4,3,KGID100143,Ekavir,24-11-1971,F,B+,0,
144,18,723,2,3,KGID100144,Pratyush,25-09-1986,F,AB+,0,
145,18,724,7,3,KGID100145,Ansh,04-08-1986,F,B+,0,
146,5,1128,1,3,KGID100146,Nachiket,10-08-1969,F,B+,0,
147,5,1046,4,4,KGID100147,Ishita,02-10-1972,F,A+,0,
148,22,784,7,3,KGID100148,Viraj,12-05-1974,M,AB+,0,
149,13,495,3,3,KGID100149,Chanchal,04-10-1999,F,O+,0,
150,5,1179,5,3,KGID100150,Devika,19-04-1994,M,O-,0,
151,9,1248,2,1,KGID100151,Rajata,27-10-1977,M,AB+,0,
152,22,778,5,2,KGID100152,Yashica,16-01-1983,F,AB+,0,
153,18,736,7,1,KGID100153,Eta,26-12-1973,M,O+,0,
154,13,504,4,2,KGID100154,Bhavya,12-01-1976,F,O-,0,
155,25,655,4,3,KGID100155,Lavanya,18-07-1980,F,O-,0,
156,10,616,3,4,KGID100156,Ranveer,15-10-1989,F,O+,0,
157,28,535,2,1,KGID100157,Chameli,09-10-1968,M,O+,0,
158,3,400,6,2,KGID100158,Luke,27-04-1969,M,B+,0,
159,5,1034,4,3,KGID100159,Yashica,21-11-1972,F,A+,0,
160,5,1130,2,3,KGID100160,Qasim,08-01-1968,M,O+,0,
161,14,461,3,1,KGID100161,Edhitha,03-10-1982,M,O+,0,
162,30,324,1,3,KGID100162,Fitan,09-05-1981,M,AB+,0,
163,3,383,7,1,KGID100163,Anusha,07-05-1980,F,AB+,0,
164,22,768,4,3,KGID100164,Ranveer,28-08-1978,M,A+,0,
165,28,536,7,4,KGID100165,Nachiket,04-02-1972,M,A+,0,
166,27,688,4,1,KGID100166,Patrick,06-08-1967,M,B+,0,
167,23,430,7,3,KGID100167,Urvashi,21-11-1985,M,B+,0,
168,3,399,5,4,KGID100168,Niharika,30-08-1984,M,O-,0,
169,27,667,4,4,KGID100169,Bachittar,14-04-1998,F,O-,0,
170,11,717,3,1,KGID100170,Fitan,13-11-1980,M,B+,0,
171,24,918,2,3,KGID100171,Christopher,28-11-1996,M,B+,0,
172,28,523,2,1,KGID100172,Radha,22-03-1993,M,A+,0,
173,11,696,4,4,KGID100173,Girik,26-02-1985,F,A+,0,
174,28,515,3,3,KGID100174,Benjamin,09-06-1999,F,A+,0,
175,19,981,2,3,KGID100175,Jagvi,05-09-1972,M,AB+,0,
176,3,395,5,2,KGID100176,Jalsa,07-12-1969,M,O+,0,
177,5,1124,2,1,KGID100177,Ojasvi,04-05-2001,M,B+,0,
178,5,1089,3,3,KGID100178,Finn,10-02-1983,F,A+,0,
179,15,757,6,3,KGID100179,Mohammed,21-05-2001,F,O+,0,
180,22,790,5,4,KGID100180,Aayush,18-12-1967,F,A+,0,
181,26,890,1,4,KGID100181,Ojas,20-12-1987,F,O-,0,
182,28,534,1,1,KGID100182,Xavier,14-05-1992,M,O-,0,
183,26,879,1,3,KGID100183,Yash,04-09-1976,M,B+,0,
184,15,759,5,4,KGID100184,Pavani,27-09-1976,F,B+,0,
185,26,877,4,4,KGID100185,Upkaar,03-10-1993,M,AB+,0,
186,12,634,4,3,KGID100186,Bhavini,17-06-1981,F,A+,0,
187,5,1156,2,3,KGID100187,Tanveer,30-11-1974,F,AB+,0,
188,29,573,6,4,KGID100188,Lekha,31-07-1982,M,AB+,0,
189,3,368,3,3,KGID100189,Ethan,23-04-2001,F,A+,0,
190,5,1069,4,1,KGID100190,Harinakshi,24-02-1983,F,AB+,0,
191,30,333,2,3,KGID100191,Samuel,05-07-1984,F,AB+,0,
192,5,1056,1,2,KGID100192,Naveen,26-11-1970,F,O-,0,
193,1,412,3,4,KGID100193,Priya,14-10-1972,F,A+,0,
194,6,307,6,2,KGID100194,Januja,21-11-1979,M,O+,0,
195,21,842,1,4,KGID100195,Diya,31-12-1999,M,B+,0,
196,5,1139,1,4,KGID100196,Praneel,10-08-1972,M,B+,0,
197,22,788,6,3,KGID100197,Gabriel,28-12-1971,F,AB+,0,
198,5,1132,4,4,KGID100198,Divya,07-02-1999,M,AB+,0,
199,21,842,2,4,KGID100199,Shivani,12-05-1996,M,O-,0,
200,22,798,6,2,KGID100200,Vyanjana,15-01-1973,M,O+,0,
201,5,1069,7,4,KGID100201,Luke,26-04-1968,F,O-,0,
202,16,551,7,1,KGID100202,Bachittar,30-03-1992,F,O+,0,
203,5,1135,5,4,KGID100203,Yuvraj,30-11-1981,M,AB+,0,
204,7,829,4,3,KGID100204,Lohit,07-02-1981,F,O-,0,
205,5,1059,5,4,KGID100205,Agastya,13-06-1983,F,O+,0,
206,5,1168,2,2,KGID100206,Balendra,31-10-1969,F,B+,0,
207,5,1154,7,4,KGID100207,Ishita,31-03-1992,M,O+,0,
208,5,1040,4,4,KGID100208,Rachana,06-03-1978,F,B+,0,
209,22,785,1,2,KGID100209,Vrinda,04-04-1996,F,A+,0,
210,5,1173,7,4,KGID100210,Faris,18-10-1972,M,O-,0,
211,17,1210,4,1,KGID100211,Aarav,21-12-1991,M,AB+,0,
212,5,1169,6,2,KGID100212,Anita,21-02-1973,M,AB+,0,
213,5,1078,3,3,KGID100213,Raghav,24-06-1975,F,A+,0,
214,5,1150,3,4,KGID100214,Abhiram,09-09-1999,F,AB+,0,
215,5,1171,5,1,KGID100215,Lopa,17-01-1985,M,B+,0,
216,24,924,6,3,KGID100216,Alka,15-12-1976,M,A+,0,
217,18,722,1,1,KGID100217,Hredhaan,01-09-1978,F,B+,0,
218,4,988,3,1,KGID100218,Charles,18-05-1979,M,O+,0,
219,5,1093,1,3,KGID100219,Neel,30-10-1968,F,O+,0,
220,18,719,2,2,KGID100220,Charita,31-03-1970,F,O-,0,
221,19,976,7,2,KGID100221,Vedhika,18-08-1971,M,B+,0,
222,3,358,5,4,KGID100222,Nimrat,30-10-1991,M,AB+,0,
223,17,1212,5,2,KGID100223,Ekani,05-12-1989,M,AB+,0,
224,24,931,3,4,KGID100224,Bakhshi,07-04-1999,F,A+,0,
225,17,1198,7,4,KGID100225,Jagrati,05-09-1976,F,O-,0,
226,23,439,1,4,KGID100226,Omkaar,16-05-1998,F,O-,0,
227,2,584,6,4,KGID100227,Baljiwan,04-11-1968,F,AB+,0,
228,5,1143,3,2,KGID100228,Kashvi,21-02-1986,F,AB+,0,
229,3,387,2,4,KGID100229,Naveen,04-08-1980,F,O-,0,
230,29,580,6,3,KGID100230,Harish,15-09-1989,M,AB+,0,
231,16,559,1,1,KGID100231,Tanvi,22-01-2000,F,O+,0,
232,5,1072,7,2,KGID100232,Ira,26-08-1998,F,B+,0,
233,24,929,2,3,KGID100233,Max,21-03-1970,M,A+,0,
234,17,1203,6,1,KGID100234,Rehaan,13-04-1975,F,AB+,0,
235,30,312,5,3,KGID100235,Ekta,27-05-1972,M,A+,0,
236,17,1209,3,3,KGID100236,Qabil,19-03-1986,F,B+,0,
237,13,483,2,3,KGID100237,Jhalak,12-06-1983,F,B+,0,
238,16,541,7,4,KGID100238,Anamika,08-06-1984,F,O+,0,
239,5,1101,1,4,KGID100239,Banjeet,22-05-2000,M,B+,0,
240,5,1050,2,4,KGID100240,Nilima,22-12-1969,F,A+,0,
241,5,1087,4,1,KGID100241,Laksh,29-05-1998,F,O-,0,
242,1,404,4,3,KGID100242,Samarth,05-09-1980,F,O-,0,
243,27,668,7,3,KGID100243,Viraj,08-04-1971,M,B+,0,
244,15,760,1,3,KGID100244,Elijah,12-04-1979,M,A+,0,
245,24,928,7,4,KGID100245,Sarthak,22-03-1994,F,AB+,0,
246,3,397,2,1,KGID100246,Suhani,02-09-1986,M,O+,0,
247,22,782,1,1,KGID100247,Anvi,19-10-1992,M,O-,0,
248,23,416,4,4,KGID100248,Reva,25-12-1981,F,O-,0,
249,11,707,5,2,KGID100249,Samuel,02-01-1998,F,A+,0,
250,5,1131,4,4,KGID100250,Advay,06-02-2001,F,A+,0,
251,4,984,3,2,KGID100251,Mugdha,04-10-1991,F,AB+,0,
252,9,1251,2,3,KGID100252,Chatura,26-09-1971,M,O+,0,
253,7,835,6,3,KGID100253,Tara,15-04-1990,M,AB+,0,
254,29,560,2,1,KGID100254,Dominic,24-03-1990,F,A+,0,
255,8,956,2,1,KGID100255,Leela,16-06-1989,M,O+,0,
256,28,527,2,2,KGID100256,Tara,30-12-1987,M,O-,0,
257,13,490,5,2,KGID100257,Edhitha,27-11-1997,M,O+,0,
258,5,1070,2,1,KGID100258,Lohit,16-07-1983,F,B+,0,
259,1,411,5,3,KGID100259,Chanchal,05-06-1989,M,A+,0,
260,8,954,7,1,KGID100260,William,15-12-1976,M,A+,0,
261,12,644,7,2,KGID100261,Ishwar,13-09-1997,F,A+,0,
262,23,456,3,1,KGID100262,Krishna,25-05-1999,M,AB+,0,
263,22,816,1,1,KGID100263,Omisha,05-04-1991,F,AB+,0,
264,5,1074,3,1,KGID100264,Nilima,20-03-1996,F,O-,0,
265,13,504,5,1,KGID100265,Triya,12-02-1998,F,AB+,0,
266,24,936,1,1,KGID100266,Nicholas,14-07-1996,F,AB+,0,
267,11,714,6,1,KGID100267,Kai,20-12-1996,F,AB+,0,
268,31,353,1,3,KGID100268,Lakshit,13-12-1993,M,A+,0,
269,1,407,3,3,KGID100269,Tanish,21-01-1989,F,O-,0,
270,7,821,3,4,KGID100270,Dayamai,01-04-1972,F,A+,0,
271,5,1090,6,1,KGID100271,Girindra,28-10-1971,M,AB+,0,
272,15,740,2,4,KGID100272,Gayathri,03-07-1973,F,AB+,0,
273,27,686,4,1,KGID100273,Aarav,31-07-1976,F,AB+,0,
274,2,598,6,3,KGID100274,Kevin,15-03-1975,F,B+,0,
275,19,981,4,1,KGID100275,Advik,06-11-1974,M,A+,0,
276,3,373,4,1,KGID100276,Anthony,11-12-1988,F,B+,0,
277,21,847,1,3,KGID100277,Kabir,12-08-1982,M,AB+,0,
278,12,640,7,4,KGID100278,Nimrat,23-02-1991,M,O+,0,
279,26,892,3,3,KGID100279,Anjali,14-06-1970,M,O-,0,
280,22,797,2,2,KGID100280,Zinal,06-08-1975,F,B+,0,
281,5,1145,1,3,KGID100281,Vasana,08-05-1992,F,A+,0,
282,5,1058,3,2,KGID100282,Xalak,27-01-1999,F,O-,0,
283,5,1063,7,1,KGID100283,Triveni,15-08-1985,F,A+,0,
284,14,462,3,3,KGID100284,Zaid,14-07-1983,F,O+,0,
285,6,284,2,2,KGID100285,Azaan,09-05-1973,F,A+,0,
286,23,423,6,1,KGID100286,Neelima,19-12-1976,M,O-,0,
287,13,498,4,4,KGID100287,Owen,06-12-1984,F,O+,0,
288,23,439,3,3,KGID100288,Avi,07-06-1997,F,O-,0,
289,26,888,1,1,KGID100289,Jagat,21-08-1989,M,B+,0,
290,5,1050,5,1,KGID100290,Edhitha,05-08-1998,M,O+,0,
291,18,731,6,4,KGID100291,Udarsh,12-07-1992,F,O-,0,
292,18,730,4,3,KGID100292,Pranit,27-01-1989,M,O-,0,
293,3,394,3,4,KGID100293,Isaac,24-12-1979,M,O+,0,
294,19,972,6,4,KGID100294,Fiyaz,14-01-1979,F,A+,0,
295,13,503,4,1,KGID100295,Falak,19-01-1975,M,B+,0,
296,2,586,2,2,KGID100296,Bachittar,27-10-1978,F,O+,0,
297,10,613,1,1,KGID100297,Xiti,23-02-2000,F,AB+,0,
298,23,457,2,4,KGID100298,Edhitha,01-06-1988,M,O-,0,
299,21,850,7,3,KGID100299,Falan,06-08-1986,M,AB+,0,
300,5,1160,6,1,KGID100300,Radhika,28-02-1984,F,A+,0,
301,15,748,1,3,KGID100301,Udyati,02-12-1991,F,O-,0,
302,11,692,6,4,KGID100302,Gauri,26-12-1998,F,A+,0,
303,11,692,1,3,KGID100303,Jason,27-09-1975,M,O-,0,
304,15,749,7,3,KGID100304,Leena,25-09-1971,M,AB+,0,
305,5,1142,1,2,KGID100305,Bhanumati,21-10-1989,F,O-,0,
306,27,688,5,1,KGID100306,Manya,25-11-1974,F,O+,0,
307,5,1041,3,2,KGID100307,Guneet,02-06-1980,F,B+,0,
308,3,356,5,1,KGID100308,Hemani,02-11-1976,M,O+,0,
309,12,637,6,2,KGID100309,Mugdha,27-06-2000,M,A+,0,
310,23,427,3,2,KGID100310,Odika,01-06-1969,M,O-,0,
311,23,434,7,1,KGID100311,Hamsini,30-05-1981,M,AB+,0,
312,15,753,7,4,KGID100312,Pallavi,21-03-1973,F,O+,0,
313,23,432,4,1,KGID100313,Chatresh,10-12-1985,F,AB+,0,
314,24,924,3,3,KGID100314,Gavin,22-05-2001,M,O+,0,
315,22,797,1,3,KGID100315,Kavya,05-02-1984,F,AB+,0,
316,30,316,1,3,KGID100316,Jatin,30-04-1985,F,A+,0,
317,8,938,7,1,KGID100317,Qasim,30-08-1990,F,AB+,0,
318,21,872,5,1,KGID100318,Tripti,12-06-1984,F,O-,0,
319,8,945,2,3,KGID100319,Varsha,22-08-1998,F,O-,0,
320,23,432,1,4,KGID100320,Tanay,10-12-1990,M,O+,0,
321,5,1009,1,2,KGID100321,Arin,21-08-1984,M,B+,0,
322,4,1002,4,4,KGID100322,Chakradhar,13-12-1995,M,O+,0,
323,25,659,3,4,KGID100323,Balveer,06-03-1971,F,O+,0,
324,19,973,5,1,KGID100324,Arunima,01-09-1978,F,A+,0,
325,10,615,1,4,KGID100325,Zaid,18-05-1968,F,O+,0,
326,5,1019,7,2,KGID100326,Vihaan,13-08-1969,F,A+,0,
327,26,874,6,2,KGID100327,Bishakha,04-09-1980,F,O+,0,
328,8,949,6,4,KGID100328,Zinal,02-04-1979,M,O-,0,
329,4,1003,1,3,KGID100329,Ridhi,14-11-1983,F,O+,0,
330,5,1110,2,1,KGID100330,Upma,20-09-1993,F,O-,0,
331,12,648,1,3,KGID100331,Wishi,25-08-1967,F,B+,0,
332,9,1251,2,3,KGID100332,Meghana,10-01-1973,F,B+,0,
333,28,509,2,2,KGID100333,Shivansh,07-09-1998,M,O+,0,
334,5,1142,7,1,KGID100334,Kai,12-06-1970,M,O+,0,
335,5,1175,7,2,KGID100335,Zaitra,24-03-1985,F,B+,0,
336,23,444,2,2,KGID100336,Gunbir,23-05-1978,F,A+,0,
337,11,698,3,2,KGID100337,Vasana,15-10-1996,F,O-,0,
338,29,569,7,4,KGID100338,Ethan,25-02-1979,M,O-,0,
339,28,522,3,4,KGID100339,Anirudh,28-02-1977,M,O+,0,
340,19,972,5,4,KGID100340,Chatura,05-06-1993,F,O+,0,
341,5,1074,4,4,KGID100341,Triveni,03-11-1979,M,B+,0,
342,5,1098,5,2,KGID100342,Gabriel,29-11-1985,F,A+,0,
343,24,934,4,3,KGID100343,Manya,27-12-1978,M,O-,0,
344,5,1149,1,3,KGID100344,Azad,14-01-1982,M,B+,0,
345,16,557,4,2,KGID100345,Vritti,21-01-1995,F,A+,0,
346,9,1247,2,4,KGID100346,Manbir,24-04-1999,F,A+,0,
347,11,702,1,4,KGID100347,Aachal,03-07-1998,F,B+,0,
348,27,673,1,3,KGID100348,Kashvi,21-01-1991,M,A+,0,
349,10,604,1,3,KGID100349,Tanmayi,02-09-1981,M,B+,0,
350,30,317,3,4,KGID100350,Yochana,05-10-1968,M,AB+,0,
351,18,737,5,1,KGID100351,Anmol,09-11-1990,M,A+,0,
352,16,540,2,2,KGID100352,Kevin,14-04-1993,F,A+,0,
353,5,1072,3,2,KGID100353,Wriddhish,29-05-1979,F,A+,0,
354,30,326,2,4,KGID100354,Watika,28-11-1995,F,A+,0,
355,3,391,7,4,KGID100355,Krishna,04-03-1975,M,O-,0,
356,21,866,2,2,KGID100356,Chakradhar,21-10-2000,F,AB+,0,
357,6,279,5,3,KGID100357,Jagvi,31-12-1999,M,O-,0,
358,11,704,2,1,KGID100358,Ronith,19-08-1996,F,A+,0,
359,20,1254,5,1,KGID100359,Dhruv,11-11-1986,F,AB+,0,
360,30,322,6,4,KGID100360,Kritika,22-11-1985,F,O+,0,
361,5,1043,1,3,KGID100361,Lila,21-07-1984,M,O+,0,
362,28,524,6,1,KGID100362,Jagdish,26-02-1990,F,B+,0,
363,30,323,3,3,KGID100363,Warda,18-03-2000,M,AB+,0,
364,4,990,4,2,KGID100364,Falak,21-10-1970,M,A+,0,
365,5,1011,7,4,KGID100365,Pallavi,14-03-1974,M,O+,0,
366,13,484,1,2,KGID100366,Oviya,27-02-1981,M,O+,0,
367,9,1233,3,4,KGID100367,Ayush,04-05-1971,F,O+,0,
368,30,315,7,2,KGID100368,Isaiah,01-10-1996,F,O+,0,
369,5,1160,7,1,KGID100369,Rudra,08-02-1990,F,O+,0,
370,1,405,7,3,KGID100370,Gabriel,20-05-1972,F,AB+,0,
371,5,1039,4,4,KGID100371,Matthew,02-09-1990,F,B+,0,
372,22,786,6,4,KGID100372,Ekapad,23-12-2000,F,O-,0,
373,16,551,7,1,KGID100373,Om,21-01-1991,F,A+,0,
374,18,718,5,2,KGID100374,Prisha,08-11-1982,F,O+,0,
375,3,383,1,3,KGID100375,Udyati,19-05-1989,F,O+,0,
376,18,734,5,4,KGID100376,Kashvi,19-05-1983,M,AB+,0,
377,12,637,4,1,KGID100377,Vasana,28-12-1990,F,O-,0,
378,18,723,3,1,KGID100378,Joshua,18-06-1971,M,AB+,0,
379,25,650,5,2,KGID100379,Lopa,04-06-1990,M,B+,0,
380,5,1147,5,4,KGID100380,Zehaan,08-08-1986,M,B+,0,
381,31,346,2,3,KGID100381,Yachana,18-04-1979,F,AB+,0,
382,9,1250,5,1,KGID100382,Gaurav,21-03-1992,M,AB+,0,
383,9,1249,3,3,KGID100383,Rachit,30-04-1985,F,A+,0,
384,21,865,2,3,KGID100384,Baghyawati,09-12-1989,F,O+,0,
385,8,943,3,2,KGID100385,Leena,04-10-1988,M,A+,0,
386,5,1031,2,4,KGID100386,Warda,04-02-1988,F,O-,0,
387,3,398,3,3,KGID100387,Shravya,15-07-1988,F,B+,0,
388,26,904,3,4,KGID100388,Jacob,11-04-1977,M,A+,0,
389,23,416,7,1,KGID100389,Zilmil,16-02-1992,F,B+,0,
390,17,1198,6,4,KGID100390,Ranveer,27-07-1992,M,O+,0,
391,19,961,3,1,KGID100391,Chakradev,07-08-1990,F,O+,0,
392,5,1149,2,2,KGID100392,Ekalinga,13-02-1986,F,O-,0,
393,28,507,1,2,KGID100393,Adweta,31-03-2001,M,B+,0,
394,5,1087,4,1,KGID100394,Nachiket,29-10-1973,F,O-,0,
395,21,864,3,4,KGID100395,Bhavani,25-09-1993,M,O-,0,
396,5,1183,1,1,KGID100396,Avni,11-12-1979,F,AB+,0,
397,5,1012,6,4,KGID100397,Anthony,07-06-1997,F,AB+,0,
398,5,1121,5,1,KGID100398,Aradhana,22-08-1983,M,O+,0,
399,24,935,1,4,KGID100399,Ayushman,05-10-1972,F,O-,0,
400,12,630,2,2,KGID100400,Yashica,23-09-1971,M,AB+,0,
401,22,792,7,1,KGID100401,Karan,30-11-1994,M,O-,0,
402,23,434,3,2,KGID100402,Jhalak,03-05-1984,M,O+,0,
403,9,1235,6,2,KGID100403,Megha,05-12-1968,F,O-,0,
404,17,1194,3,1,KGID100404,Praneel,28-05-1986,F,B+,0,
405,24,928,5,3,KGID100405,Christopher,10-01-1986,M,O+,0,
406,26,907,5,1,KGID100406,Daksh,23-02-1993,M,O-,0,
407,9,1242,5,2,KGID100407,Frederick,29-01-1999,M,O-,0,
408,5,1015,5,3,KGID100408,Azad,14-07-1995,M,A+,0,
409,3,361,1,3,KGID100409,Zashil,16-01-1997,M,O-,0,
410,11,704,5,1,KGID100410,Megha,01-04-1981,F,O-,0,
411,29,574,6,3,KGID100411,Arunima,13-01-1981,F,B+,0,
412,5,1102,7,4,KGID100412,Faraj,14-12-1989,F,AB+,0,
413,31,352,6,1,KGID100413,Anvi,15-06-1972,M,AB+,0,
414,11,703,4,4,KGID100414,Faras,25-11-1979,M,O+,0,
415,26,899,2,3,KGID100415,Kritika,03-11-1975,F,O+,0,
416,27,686,2,3,KGID100416,Chatresh,29-09-1972,M,O+,0,
417,28,525,4,1,KGID100417,Hardik,31-08-1984,F,AB+,0,
418,28,531,2,1,KGID100418,Advaith,03-11-1977,M,O+,0,
419,9,1246,4,4,KGID100419,Sai,30-01-1973,M,B+,0,
420,5,1111,3,3,KGID100420,Keya,27-05-1976,M,B+,0,
421,22,788,5,4,KGID100421,Yashawini,31-08-1988,F,O+,0,
422,22,787,1,1,KGID100422,Hiral,24-11-1986,F,O-,0,
423,15,746,2,2,KGID100423,Jagdish,19-01-2000,F,A+,0,
424,30,329,3,4,KGID100424,Balhaar,31-07-1999,F,O+,0,
425,7,827,1,1,KGID100425,Damini,19-04-1979,F,B+,0,
426,5,1181,3,3,KGID100426,Unni,18-11-1990,F,O+,0,
427,30,324,4,1,KGID100427,Aarini,24-12-1996,M,O+,0,
428,21,844,3,1,KGID100428,Mohammed,13-02-1968,F,O-,0,
429,15,739,7,3,KGID100429,Amrita,19-03-1988,M,B+,0,
430,3,377,4,3,KGID100430,Mitesh,31-07-1977,F,O-,0,
431,9,1239,3,2,KGID100431,Jalsa,10-03-1969,M,O-,0,
432,22,799,4,1,KGID100432,Vivaan,23-06-1985,M,A+,0,
433,23,418,6,3,KGID100433,Balendra,14-08-1970,F,O-,0,
434,15,745,2,2,KGID100434,Jacob,03-02-1970,F,O-,0,
435,10,604,2,4,KGID100435,Ishita,11-05-1997,F,O-,0,
436,10,622,5,4,KGID100436,Chasmum,25-08-1979,F,AB+,0,
437,5,1113,1,3,KGID100437,Ishaan,29-03-1980,F,A+,0,
438,11,704,5,3,KGID100438,Onveer,25-05-1994,M,O-,0,
439,15,763,3,2,KGID100439,Tanmayi,22-12-1996,M,O-,0,
440,22,769,2,4,KGID100440,Janani,20-04-1983,M,B+,0,
441,30,310,5,1,KGID100441,Chakradhar,18-06-1978,M,A+,0,
442,18,729,3,4,KGID100442,Warhi,20-01-2000,M,AB+,0,
443,4,985,2,4,KGID100443,Henry,31-08-1988,F,A+,0,
444,4,1000,2,2,KGID100444,Gavin,27-06-1986,F,AB+,0,
445,22,816,4,3,KGID100445,Dalaja,23-09-1974,M,AB+,0,
446,17,1212,5,3,KGID100446,Sudiksha,18-12-1990,F,O+,0,
447,26,902,4,2,KGID100447,Abdul,26-05-1987,M,O+,0,
448,21,849,3,2,KGID100448,Manan,23-02-1980,F,O+,0,
449,4,999,2,4,KGID100449,Hitesh,16-11-1992,F,AB+,0,
450,12,635,5,3,KGID100450,Jagdish,18-06-1987,F,A+,0,
451,21,865,6,4,KGID100451,Omaja,05-05-1974,F,O+,0,
452,20,1255,7,2,KGID100452,Hema,03-03-1982,F,A+,0,
453,29,572,6,1,KGID100453,Saumya,30-06-2001,F,AB+,0,
454,8,949,3,4,KGID100454,Om,18-12-1991,M,B+,0,
455,5,1125,5,3,KGID100455,Watika,08-05-1972,F,B+,0,
456,3,389,5,2,KGID100456,Urmi,08-04-1968,M,A+,0,
457,19,963,5,2,KGID100457,Jeremiah,19-08-1991,M,A+,0,
458,3,380,4,3,KGID100458,Eesha,03-04-1987,F,A+,0,
459,19,975,7,2,KGID100459,Hitesh,07-12-2000,M,O-,0,
460,9,1229,2,4,KGID100460,Upasna,27-03-1976,F,AB+,0,
461,8,944,2,3,KGID100461,Sudiksha,04-03-1992,F,O+,0,
462,8,939,1,1,KGID100462,Darsh,23-05-1988,M,O-,0,
463,5,1034,6,1,KGID100463,Ranbir,04-05-1970,M,AB+,0,
464,5,1181,7,2,KGID100464,Kiaan,03-01-1969,M,AB+,0,
465,5,1084,4,2,KGID100465,Urvashi,27-01-1985,F,A+,0,
466,6,287,3,1,KGID100466,Panini,07-12-1984,F,O+,0,
467,15,743,6,4,KGID100467,Qadim,21-09-1976,M,O-,0,
468,15,757,3,2,KGID100468,Aadi,23-08-1987,M,O+,0,
469,23,444,6,4,KGID100469,Zaid,05-10-1985,F,B+,0,
470,6,292,6,3,KGID100470,Alka,12-12-1972,F,O-,0,
471,19,968,7,2,KGID100471,Niharika,22-02-1979,M,O-,0,
472,5,1154,6,4,KGID100472,Lavanya,18-05-1996,F,O-,0,
473,10,613,1,4,KGID100473,Yahvi,16-07-1977,M,B+,0,
474,23,421,4,3,KGID100474,Keya,31-10-1997,M,A+,0,
475,16,545,4,2,KGID100475,Ishwar,19-01-1983,F,O+,0,
476,20,1254,3,3,KGID100476,Samarth,01-01-2000,M,O+,0,
477,8,947,3,2,KGID100477,Zehaan,28-07-1999,M,A+,0,
478,15,754,3,2,KGID100478,Zayan,18-11-1973,F,O-,0,
479,9,1223,6,3,KGID100479,Oviya,25-12-1971,M,O+,0,
480,25,654,5,2,KGID100480,Pahal,14-01-1983,M,B+,0,
481,15,767,2,4,KGID100481,Triveni,17-12-1994,F,AB+,0,
482,4,996,5,4,KGID100482,Indrajit,29-04-1997,M,B+,0,
483,19,974,7,1,KGID100483,Ayaan,02-03-1979,F,O-,0,
484,4,998,3,1,KGID100484,Chavvi,17-12-1999,M,A+,0,
485,5,1126,5,2,KGID100485,Oviya,30-06-1978,M,B+,0,
486,10,613,7,4,KGID100486,Yashodhara,22-01-1975,M,B+,0,
487,5,1012,5,4,KGID100487,Tara,26-09-1990,M,O-,0,
488,18,734,7,1,KGID100488,Urvi,10-10-1988,F,B+,0,
489,22,803,4,4,KGID100489,Raksha,26-05-1990,M,O-,0,
490,15,751,6,3,KGID100490,Ekalinga,25-12-1978,M,AB+,0,
491,16,538,7,1,KGID100491,Udant,17-04-1986,M,O-,0,
492,31,352,1,4,KGID100492,Chandani,27-10-1984,F,A+,0,
493,7,832,1,1,KGID100493,Indrajit,17-06-1989,F,A+,0,
494,29,571,4,2,KGID100494,Utkarsh,20-03-1998,M,AB+,0,
495,25,661,4,4,KGID100495,Nihal,20-05-1977,F,AB+,0,
496,3,360,6,2,KGID100496,Sanaya,26-09-1989,F,A+,0,
497,23,460,5,4,KGID100497,Ucchal,18-05-1979,M,B+,0,
498,5,1132,1,1,KGID100498,Anya,28-06-1978,F,AB+,0,
499,19,967,6,4,KGID100499,Chandani,18-04-1992,F,B+,0,
500,28,531,4,3,KGID100500,Wazir,29-09-1983,M,O+,0,
501,14,471,6,1,KGID100501,Jeet,16-11-1983,M,AB+,0,
502,26,907,7,1,KGID100502,Ria,21-07-1970,M,B+,0,
503,31,346,1,1,KGID100503,Yasti,07-03-1969,F,O-,0,
504,19,966,6,1,KGID100504,Vasudha,01-11-1987,M,A+,0,
505,11,689,4,2,KGID100505,Pranav,12-04-1988,M,A+,0,
506,23,421,5,3,KGID100506,Hardik,16-12-1973,M,O-,0,
507,10,604,5,3,KGID100507,Alka,20-06-1977,M,O+,0,
508,5,1175,2,2,KGID100508,Triveni,25-05-1982,F,O+,0,
509,16,559,1,2,KGID100509,Riya,01-08-1998,F,O-,0,
510,22,785,1,3,KGID100510,Arin,01-04-1981,F,O-,0,
511,10,604,6,4,KGID100511,Bimala,30-01-1979,F,B+,0,
512,2,585,4,2,KGID100512,Neelima,28-03-1975,F,B+,0,
513,5,1147,2,3,KGID100513,Tejas,22-03-1971,M,AB+,0,
514,17,1214,1,4,KGID100514,Upkaar,18-11-2000,F,O-,0,
515,7,820,2,4,KGID100515,Shivani,01-10-1993,M,O+,0,
516,13,486,3,1,KGID100516,Xiti,25-06-1996,F,O+,0,
517,3,372,5,2,KGID100517,Januja,26-04-1972,M,O+,0,
518,25,664,6,1,KGID100518,Dev,26-11-1987,M,B+,0,
519,5,1101,7,2,KGID100519,Keya,02-12-1993,F,B+,0,
520,5,1168,3,3,KGID100520,Liam,04-06-1995,M,B+,0,
521,9,1237,2,1,KGID100521,Tanish,19-01-1979,F,B+,0,
522,4,990,5,2,KGID100522,Balvan,06-09-1973,F,B+,0,
523,21,843,3,3,KGID100523,Yashvi,21-08-1975,F,AB+,0,
524,7,824,6,3,KGID100524,Eesha,22-01-1990,F,O+,0,
525,12,646,5,4,KGID100525,Nathan,15-02-1977,F,A+,0,
526,5,1100,6,4,KGID100526,Ekani,20-10-1994,F,B+,0,
527,25,657,3,4,KGID100527,Yashica,04-10-1984,M,O-,0,
528,5,1162,2,2,KGID100528,Yachana,08-03-1985,M,O+,0,
529,21,844,5,4,KGID100529,Jalsa,17-07-1992,F,B+,0,
530,13,478,3,2,KGID100530,Gautami,02-06-1979,F,O-,0,
531,5,1131,2,4,KGID100531,Unni,24-07-1977,F,O+,0,
532,5,1059,7,4,KGID100532,Chakradev,22-02-1969,F,AB+,0,
533,23,450,6,3,KGID100533,Saumya,26-12-1999,M,B+,0,
534,5,1015,5,4,KGID100534,Chavvi,04-06-1979,M,O-,0,
535,24,935,1,1,KGID100535,Yagnesh,09-02-1973,M,A+,0,
536,5,1060,1,4,KGID100536,Ekansh,22-01-1980,M,B+,0,
537,31,347,6,2,KGID100537,Om,03-12-1986,M,B+,0,
538,22,795,4,3,KGID100538,Oscar,12-10-1998,M,O-,0,
539,24,931,6,4,KGID100539,Naksh,14-11-1988,F,A+,0,
540,6,284,5,4,KGID100540,Benjamin,07-05-1971,M,A+,0,
541,7,820,6,3,KGID100541,Vansha,17-02-1980,F,A+,0,
542,22,792,7,4,KGID100542,Kevin,20-10-1968,M,A+,0,
543,17,1218,1,2,KGID100543,Christopher,24-04-1968,M,B+,0,
544,26,912,5,3,KGID100544,Anika,07-11-1981,F,O+,0,
545,5,1092,4,1,KGID100545,Darpan,13-01-1972,F,AB+,0,
546,15,748,5,2,KGID100546,Harsh,17-08-1972,M,O+,0,
547,19,978,7,1,KGID100547,Charles,28-07-1978,M,A+,0,
548,11,693,4,4,KGID100548,Vasudha,22-04-1991,F,A+,0,
549,24,930,1,2,KGID100549,Umang,14-10-1993,M,AB+,0,
550,5,1143,4,3,KGID100550,Vivaan,21-06-1969,M,O-,0,
551,17,1219,1,2,KGID100551,Manan,27-08-1969,M,O-,0,
552,15,764,3,1,KGID100552,Advaith,26-06-1979,M,O+,0,
553,17,1198,5,1,KGID100553,Waida,05-12-1985,M,O+,0,
554,6,294,2,2,KGID100554,Chandran,22-06-1993,F,A+,0,
555,2,584,2,2,KGID100555,Vidhi,11-03-1979,F,O-,0,
556,10,617,4,2,KGID100556,Ekaja,21-06-1994,M,O-,0,
557,5,1041,3,1,KGID100557,Urmi,18-11-1976,M,AB+,0,
558,28,515,7,1,KGID100558,Anita,09-11-1996,F,O-,0,
559,5,1065,5,4,KGID100559,Indali,14-03-1991,F,A+,0,
560,24,927,3,4,KGID100560,Isaac,20-07-1976,F,B+,0,
561,12,642,5,4,KGID100561,Jackson,04-01-1974,F,B+,0,
562,19,974,5,4,KGID100562,Balvan,10-12-1995,M,O-,0,
563,29,580,7,2,KGID100563,Gunbir,29-01-1998,M,A+,0,
564,16,552,2,4,KGID100564,Sanaya,25-11-1972,M,AB+,0,
565,2,602,3,1,KGID100565,Zayan,18-01-1985,M,A+,0,
566,9,1243,3,4,KGID100566,Xavier,13-07-1997,F,O+,0,
567,3,382,2,1,KGID100567,Vyanjana,13-12-1996,M,AB+,0,
568,18,737,5,4,KGID100568,Chakradev,16-05-1972,M,A+,0,
569,3,369,3,1,KGID100569,Abhimanyu,13-11-1974,F,AB+,0,
570,6,290,3,4,KGID100570,Faraj,12-07-1984,F,A+,0,
571,5,1020,5,2,KGID100571,Chakradhar,18-04-1980,M,AB+,0,
572,23,451,2,3,KGID100572,Urvi,06-03-1998,F,O+,0,
573,22,782,2,1,KGID100573,Rajeshri,27-06-1983,M,AB+,0,
574,29,560,4,3,KGID100574,Sara,06-07-1980,F,A+,0,
575,12,647,3,2,KGID100575,Rudra,16-07-1982,F,O-,0,
576,26,909,2,4,KGID100576,Harrison,22-02-1973,M,B+,0,
577,2,589,1,4,KGID100577,Tanish,07-06-1971,F,O-,0,
578,27,667,7,3,KGID100578,Karan,04-12-1978,F,O+,0,
579,18,718,7,2,KGID100579,Chanakya,18-01-1983,F,O+,0,
580,26,895,6,2,KGID100580,Aarnav,03-12-1993,F,O+,0,
581,23,459,4,3,KGID100581,Nandini,31-01-1981,F,AB+,0,
582,21,867,7,2,KGID100582,Tarak,07-11-1969,F,AB+,0,
583,29,565,7,4,KGID100583,Vrishti,02-10-1986,F,A+,0,
584,9,1232,5,2,KGID100584,Qabil,17-11-1994,M,O-,0,
585,6,305,6,4,KGID100585,Wahab,05-11-1978,M,AB+,0,
586,5,1094,3,1,KGID100586,Unnati,16-02-1999,F,AB+,0,
587,23,420,6,3,KGID100587,Darika,17-10-1973,M,O+,0,
588,8,952,2,4,KGID100588,Yatan,15-10-1977,F,A+,0,
589,18,737,5,4,KGID100589,Girish,04-07-1969,F,O-,0,
590,22,796,7,4,KGID100590,Ijaya,20-12-1990,M,O+,0,
591,4,996,7,1,KGID100591,Jagdish,17-07-1987,M,B+,0,
592,8,951,6,3,KGID100592,Charles,09-12-1997,M,O-,0,
593,30,323,5,4,KGID100593,Triya,15-10-1985,F,AB+,0,
594,3,386,1,1,KGID100594,Mekhala,29-05-1993,F,B+,0,
595,22,800,6,2,KGID100595,Isaac,08-11-1977,F,O+,0,
596,27,678,4,2,KGID100596,Qasim,24-12-1993,F,A+,0,
597,22,772,1,3,KGID100597,Arin,13-12-1999,F,A+,0,
598,3,396,7,2,KGID100598,Karan,28-02-1992,F,O+,0,
599,12,629,4,2,KGID100599,Nakul,25-11-1980,F,O+,0,
600,15,765,1,4,KGID100600,Deepa,15-08-1994,F,O+,0,
601,31,346,3,1,KGID100601,Gavin,20-09-1969,M,A+,0,
602,5,1147,3,1,KGID100602,Alka,28-03-1978,M,B+,0,
603,22,806,2,2,KGID100603,Guneet,03-06-1992,F,O-,0,
604,11,714,4,2,KGID100604,Anita,19-07-1972,F,B+,0,
605,14,468,6,4,KGID100605,Aishani,11-11-1972,F,A+,0,
606,5,1033,5,2,KGID100606,Watika,27-10-1989,F,O-,0,
607,11,717,4,1,KGID100607,Sai,30-10-1967,M,B+,0,
608,29,563,7,1,KGID100608,Noah,30-05-1991,M,O-,0,
609,14,469,3,3,KGID100609,Urvashi,27-09-1969,M,AB+,0,
610,3,394,3,4,KGID100610,Imaran,05-08-1979,F,O-,0,
611,27,675,5,4,KGID100611,Edhitha,16-06-1984,M,O+,0,
612,12,638,7,4,KGID100612,Anjali,15-06-1999,M,O+,0,
613,17,1218,5,1,KGID100613,Arya,26-10-1973,M,O+,0,
614,3,398,2,3,KGID100614,Sathvik,28-08-1984,M,B+,0,
615,25,660,6,2,KGID100615,Anvi,21-07-1992,F,AB+,0,
616,26,888,2,4,KGID100616,Theodore,05-08-1981,F,B+,0,
617,22,776,6,2,KGID100617,Om,11-08-1991,M,AB+,0,
618,29,573,2,2,KGID100618,Pahal,22-01-1990,F,AB+,0,
619,26,912,1,3,KGID100619,Pratyush,13-03-1996,M,AB+,0,
620,23,417,2,4,KGID100620,Ekantika,02-03-1989,F,AB+,0,
621,19,979,4,4,KGID100621,Yachana,04-03-1982,F,AB+,0,
622,23,449,1,1,KGID100622,Abhimanyu,12-01-1982,M,O+,0,
623,30,311,3,2,KGID100623,Nidra,13-02-1988,F,B+,0,
624,5,1077,4,4,KGID100624,Aahana,25-12-1981,M,O-,0,
625,3,394,3,3,KGID100625,Kashvi,09-06-2001,M,AB+,0,
626,7,837,2,4,KGID100626,Wazir,12-07-1976,M,B+,0,
627,29,582,7,1,KGID100627,Yagnesh,18-05-1990,F,O+,0,
628,12,634,7,1,KGID100628,Jagvi,06-06-1986,F,A+,0,
629,5,1072,7,2,KGID100629,Triya,06-06-1983,M,O-,0,
630,4,983,3,4,KGID100630,Udant,08-08-1981,M,O-,0,
631,23,420,7,2,KGID100631,Faras,09-02-1975,M,A+,0,
632,21,861,3,3,KGID100632,Nathan,24-10-1968,M,O+,0,
633,4,998,3,3,KGID100633,Diya,18-08-1967,F,O-,0,
634,17,1199,6,1,KGID100634,Isaac,05-02-1973,M,AB+,0,
635,17,1218,1,3,KGID100635,Vansha,02-03-1969,M,B+,0,
636,28,533,2,3,KGID100636,Siddharth,21-10-1999,M,AB+,0,
637,22,779,2,3,KGID100637,Yashawini,25-06-1971,F,AB+,0,
638,15,740,1,1,KGID100638,Damyanti,08-11-1967,F,O-,0,
639,5,1045,3,3,KGID100639,Bhanumati,23-12-1980,F,AB+,0,
640,10,613,5,1,KGID100640,Zilmil,10-12-1977,M,AB+,0,
641,24,928,6,3,KGID100641,Wishi,26-09-1971,M,O-,0,
642,27,685,2,4,KGID100642,Banjeet,02-02-1977,M,AB+,0,
643,16,552,3,3,KGID100643,Baljiwan,08-12-1981,F,O-,0,
644,21,869,2,4,KGID100644,Chanchal,23-03-1977,F,A+,0,
645,30,325,1,4,KGID100645,Gaurang,17-03-1985,M,A+,0,
646,9,1229,7,2,KGID100646,Chandran,23-12-1992,F,AB+,0,
647,6,278,4,2,KGID100647,Urmi,21-02-1994,M,O+,0,
648,23,440,7,3,KGID100648,Januja,29-03-1993,M,O+,0,
649,28,534,1,3,KGID100649,Ijaya,08-07-1986,M,A+,0,
650,27,683,6,3,KGID100650,Hredhaan,10-07-1980,M,AB+,0,
651,8,949,1,1,KGID100651,Kiaan,31-05-1996,M,B+,0,
652,15,766,1,2,KGID100652,Gabriel,29-09-1981,M,O-,0,
653,19,974,4,1,KGID100653,Chatresh,11-03-2001,M,O+,0,
654,5,1114,1,4,KGID100654,Janaki,22-09-1974,M,AB+,0,
655,31,350,2,4,KGID100655,Aadhya,21-04-1989,M,A+,0,
656,3,383,3,3,KGID100656,Avi,03-06-1994,F,B+,0,
657,27,669,7,2,KGID100657,Shivani,12-03-1997,M,A+,0,
658,7,821,5,1,KGID100658,Nitesh,19-07-1976,M,AB+,0,
659,12,637,6,2,KGID100659,Gabriel,15-11-1991,M,AB+,0,
660,26,908,6,4,KGID100660,Ikshita,17-10-1988,M,A+,0,
661,17,1196,1,2,KGID100661,Edhitha,26-09-1978,M,O-,0,
662,5,1025,4,3,KGID100662,Om,21-02-1970,F,O+,0,
663,5,1088,2,2,KGID100663,Samesh,28-01-2000,F,A+,0,
664,28,532,5,3,KGID100664,Oviya,24-04-1998,M,O+,0,
665,13,488,5,2,KGID100665,Harsh,12-09-1969,F,O+,0,
666,8,939,1,2,KGID100666,Eshana,07-07-1975,F,AB+,0,
667,3,393,2,4,KGID100667,Kritika,13-11-1986,M,O-,0,
668,5,1188,1,3,KGID100668,Charita,03-09-1989,F,B+,0,
669,27,674,7,4,KGID100669,Amruta,30-10-1996,F,O-,0,
670,19,977,2,4,KGID100670,Qasim,03-09-1972,M,A+,0,
671,26,879,1,1,KGID100671,Zaitra,19-04-1968,F,B+,0,
672,30,318,1,4,KGID100672,Henry,25-02-1977,F,O-,0,
673,5,1063,4,4,KGID100673,Udyati,10-03-1998,F,A+,0,
674,24,933,5,2,KGID100674,Bhavya,06-09-1968,F,A+,0,
675,2,595,1,2,KGID100675,Chatura,13-12-1984,M,O-,0,
676,10,612,4,1,KGID100676,Samuel,19-06-1993,F,AB+,0,
677,5,1025,7,2,KGID100677,Waida,05-05-1999,M,B+,0,
678,3,366,4,1,KGID100678,Ethan,08-04-1997,F,O-,0,
679,26,901,1,3,KGID100679,Vrinda,10-10-1987,M,A+,0,
680,6,290,6,2,KGID100680,Panini,04-05-1972,M,B+,0,
681,22,786,3,3,KGID100681,Patrick,31-08-1987,M,O+,0,
682,1,407,6,3,KGID100682,Jack,25-08-1992,M,A+,0,
683,10,621,7,4,KGID100683,Nitesh,12-01-1970,F,O-,0,
684,31,343,3,1,KGID100684,Ekaraj,12-01-1998,F,AB+,0,
685,22,801,3,1,KGID100685,Abha,06-02-1988,F,O-,0,
686,23,448,3,2,KGID100686,Deepa,27-03-1972,F,A+,0,
687,17,1193,5,1,KGID100687,Hema,27-07-1968,M,O-,0,
688,6,280,1,1,KGID100688,Keya,24-06-1972,M,A+,0,
689,15,761,3,4,KGID100689,Yadavi,25-01-1986,M,B+,0,
690,9,1231,7,1,KGID100690,Mahika,17-02-1978,F,B+,0,
691,10,607,2,4,KGID100691,Balvan,08-09-1991,F,O+,0,
692,5,1123,1,3,KGID100692,Wyatt,14-11-1975,M,O-,0,
693,19,967,1,2,KGID100693,Ijaya,12-08-1979,M,O-,0,
694,30,325,4,1,KGID100694,Girik,21-10-1984,F,O+,0,
695,5,1070,7,3,KGID100695,Rajata,04-12-1980,F,A+,0,
696,21,844,4,1,KGID100696,Anjali,09-11-1968,F,B+,0,
697,29,576,5,3,KGID100697,Ikshita,13-11-1969,M,AB+,0,
698,25,655,5,4,KGID100698,Robert,25-09-1980,M,O-,0,
699,5,1056,7,2,KGID100699,Yash,26-01-1973,M,A+,0,
700,9,1232,4,1,KGID100700,Gaurika,27-03-1989,M,O-,0,
701,12,632,6,1,KGID100701,Onkar,07-07-1984,F,A+,0,
702,5,1055,6,4,KGID100702,Ronith,16-01-1987,F,A+,0,
703,13,488,5,2,KGID100703,Akshay,16-10-2000,F,AB+,0,
704,31,339,2,3,KGID100704,Geetika,19-11-1989,M,A+,0,
705,17,1221,2,4,KGID100705,Sara,07-01-1977,F,AB+,0,
706,5,1043,1,1,KGID100706,Vrishti,08-10-1999,M,AB+,0,
707,3,354,5,1,KGID100707,Simon,07-03-2000,F,B+,0,
708,28,520,3,3,KGID100708,Umang,02-03-1979,F,AB+,0,
709,4,995,7,3,KGID100709,Aadhya,12-04-1985,F,AB+,0,
710,16,556,2,1,KGID100710,Zayyan,21-08-1999,M,B+,0,
711,5,1076,7,1,KGID100711,Joshua,11-01-1972,M,A+,0,
712,23,446,4,4,KGID100712,Gunbir,12-12-1998,F,AB+,0,
713,3,401,5,3,KGID100713,Daksha,04-12-1994,M,AB+,0,
714,2,593,4,3,KGID100714,Nathan,14-01-1992,M,A+,0,
715,23,439,7,3,KGID100715,Damini,06-10-1971,M,B+,0,
716,5,1133,7,3,KGID100716,Wahab,20-04-1992,M,A+,0,
717,5,1006,2,3,KGID100717,Veda,16-11-1995,F,O-,0,
718,30,328,6,3,KGID100718,Lavanya,26-02-1974,F,B+,0,
719,6,309,4,4,KGID100719,Reyansh,05-02-1980,M,A+,0,
720,15,751,1,2,KGID100720,Vamakshi,25-04-1986,M,A+,0,
721,31,341,7,2,KGID100721,Faqid,20-12-1981,M,B+,0,
722,5,1121,4,3,KGID100722,Patrick,15-10-1987,M,O-,0,
723,26,878,3,1,KGID100723,Henry,10-05-1973,M,A+,0,
724,13,480,6,4,KGID100724,Akshay,28-03-1970,M,A+,0,
725,17,1204,7,3,KGID100725,Zaitra,06-10-1968,M,A+,0,
726,9,1242,4,1,KGID100726,Rohan,06-01-1997,M,O-,0,
727,18,721,7,4,KGID100727,Ishita,22-01-1993,F,A+,0,
728,27,669,6,4,KGID100728,Gunbir,26-12-1970,M,O+,0,
729,13,497,2,3,KGID100729,Chandresh,10-01-1990,F,AB+,0,
730,5,1182,2,1,KGID100730,Imaran,23-01-1980,M,O+,0,
731,22,788,4,4,KGID100731,Manan,23-08-1997,M,A+,0,
732,29,564,4,2,KGID100732,Bhavya,28-11-1979,F,B+,0,
733,24,936,7,2,KGID100733,Nathan,21-10-1994,M,AB+,0,
734,5,1078,6,3,KGID100734,Aradhana,03-10-1981,F,O-,0,
735,5,1078,4,3,KGID100735,Sai,25-08-1967,F,AB+,0,
736,16,554,2,1,KGID100736,Ganga,22-09-1980,F,O-,0,
737,13,502,1,3,KGID100737,Chaman,24-10-1985,M,AB+,0,
738,7,820,3,2,KGID100738,Zansi,30-03-1989,M,A+,0,
739,28,531,6,2,KGID100739,Bakhshi,13-06-1998,F,O-,0,
740,5,1113,7,1,KGID100740,Indali,25-05-1999,M,O-,0,
741,5,1144,7,4,KGID100741,Girish,02-01-1970,F,B+,0,
742,23,458,2,3,KGID100742,Libni,23-05-1999,F,O-,0,
743,6,306,6,3,KGID100743,Nachiket,25-05-1996,M,O-,0,
744,9,1249,2,4,KGID100744,Chandani,12-04-1996,F,B+,0,
745,22,780,1,1,KGID100745,Yashawini,06-09-1987,M,B+,0,
746,26,894,2,1,KGID100746,Anika,15-01-1987,F,A+,0,
747,10,617,5,2,KGID100747,Jeet,03-01-1975,M,O+,0,
748,5,1012,2,3,KGID100748,Joshua,05-02-1989,M,A+,0,
749,23,429,5,2,KGID100749,Aarnav,18-06-1980,M,O-,0,
750,5,1159,3,1,KGID100750,Imaran,08-10-1998,F,AB+,0,
751,26,878,1,3,KGID100751,Jhalak,18-09-1977,F,O+,0,
752,23,417,2,4,KGID100752,Maya,09-02-1992,F,O+,0,
753,23,456,6,3,KGID100753,Tanish,04-12-1968,M,O-,0,
754,5,1112,2,4,KGID100754,Falan,23-06-1972,F,O+,0,
755,1,408,2,1,KGID100755,Mahika,10-10-1969,F,O-,0,
756,30,311,2,3,KGID100756,Warhi,03-03-1990,M,O-,0,
757,3,384,4,2,KGID100757,Samarth,16-09-1993,F,A+,0,
758,28,521,3,3,KGID100758,Gaurang,20-10-1976,M,A+,0,
759,5,1119,6,3,KGID100759,Saumya,07-12-1968,F,A+,0,
760,16,549,2,2,KGID100760,Manya,17-10-1973,M,O+,0,
761,16,540,7,1,KGID100761,Yashasvi,09-02-1973,M,A+,0,
762,27,673,4,4,KGID100762,Vamakshi,21-03-1971,M,AB+,0,
763,22,782,4,3,KGID100763,Lavanya,16-04-1997,F,A+,0,
764,5,1126,4,2,KGID100764,Jhalak,09-05-1994,M,AB+,0,
765,31,353,7,1,KGID100765,Chasmum,19-07-1974,F,A+,0,
766,10,604,3,1,KGID100766,Hiral,18-04-1982,M,O+,0,
767,23,452,4,2,KGID100767,Aarna,13-02-1984,M,O-,0,
768,9,1242,1,3,KGID100768,Fariq,08-01-1978,F,A+,0,
769,18,719,6,2,KGID100769,Balvan,18-08-1987,F,B+,0,
770,30,332,1,3,KGID100770,Arya,25-02-2001,M,B+,0,
771,11,697,6,3,KGID100771,Yashasvi,07-02-1997,F,O+,0,
772,28,521,1,1,KGID100772,Darsh,14-04-1974,F,O-,0,
773,21,840,7,4,KGID100773,George,19-07-2001,M,A+,0,
774,12,647,1,4,KGID100774,Vidhi,01-01-1972,M,O+,0,
775,5,1121,6,4,KGID100775,Oscar,25-06-1968,M,A+,0,
776,6,304,2,2,KGID100776,Henry,30-08-1971,F,A+,0,
777,15,762,7,1,KGID100777,Madhav,11-06-1970,F,AB+,0,
778,15,760,4,3,KGID100778,Yuvraj,18-02-1992,M,O-,0,
779,27,674,2,3,KGID100779,Hardik,01-04-1986,F,O+,0,
780,14,469,4,1,KGID100780,Hemang,16-06-2000,F,AB+,0,
781,15,754,3,2,KGID100781,Aadi,28-08-1978,F,O-,0,
782,31,341,2,1,KGID100782,Irya,15-06-1993,M,O+,0,
783,5,1105,5,4,KGID100783,Pushti,02-06-1971,M,O-,0,
784,31,340,7,4,KGID100784,Faqid,23-03-1996,F,O-,0,
785,19,981,7,4,KGID100785,Reva,28-06-1990,M,AB+,0,
786,2,584,1,4,KGID100786,Jairaj,14-02-1970,M,O-,0,
787,21,862,5,2,KGID100787,Edhitha,31-12-1978,M,AB+,0,
788,23,455,2,2,KGID100788,Aachal,11-07-1983,M,B+,0,
789,30,321,4,1,KGID100789,Chaaya,21-10-1974,F,B+,0,
790,5,1120,6,2,KGID100790,Vasudha,21-02-1994,F,O+,0,
791,17,1210,6,1,KGID100791,Lipika,29-03-1982,M,AB+,0,
792,21,847,4,3,KGID100792,Jeet,13-05-1991,F,O-,0,
793,15,747,7,1,KGID100793,Farhan,21-04-1969,F,A+,0,
794,11,702,2,2,KGID100794,Ekiya,09-07-1999,M,A+,0,
795,21,854,7,1,KGID100795,Vritti,19-05-1999,F,O-,0,
796,5,1179,3,4,KGID100796,Idika,22-05-1971,F,AB+,0,
797,8,948,4,4,KGID100797,Samaksh,12-07-1975,M,B+,0,
798,29,560,4,2,KGID100798,Shravya,03-11-1970,F,A+,0,
799,27,683,3,2,KGID100799,Hredhaan,23-05-1975,M,AB+,0,
800,17,1220,3,3,KGID100800,Ubika,02-04-1970,M,O+,0,
801,5,1115,7,3,KGID100801,Urvashi,04-03-1973,F,O+,0,
802,5,1141,4,1,KGID100802,Henry,27-05-1986,M,B+,0,
803,2,585,6,4,KGID100803,Arjun,29-04-1995,F,O+,0,
804,5,1024,4,1,KGID100804,Devika,02-12-1989,M,AB+,0,
805,13,494,7,4,KGID100805,Gavin,28-11-1990,F,O-,0,
806,5,1166,3,1,KGID100806,Ira,26-06-1988,M,A+,0,
807,2,596,6,4,KGID100807,Sai,31-01-1983,M,O-,0,
808,5,1178,5,1,KGID100808,Meghana,04-01-1973,M,B+,0,
809,5,1174,7,2,KGID100809,Zinal,14-11-1997,M,B+,0,
810,30,311,4,1,KGID100810,Nachiket,08-05-1974,F,B+,0,
811,16,558,3,4,KGID100811,Bina,27-01-1994,F,A+,0,
812,19,975,1,2,KGID100812,Qushi,15-08-1978,F,AB+,0,
813,26,886,4,2,KGID100813,Ridhi,10-05-1995,F,O-,0,
814,21,842,3,3,KGID100814,Viraj,21-09-1993,M,O+,0,
815,5,1044,7,1,KGID100815,Frado,16-04-1973,F,A+,0,
816,27,673,1,2,KGID100816,Mitali,14-05-1986,M,B+,0,
817,8,940,2,2,KGID100817,Liam,08-07-1997,F,AB+,0,
818,22,803,1,1,KGID100818,Nidhi,27-12-1971,F,B+,0,
819,8,940,2,1,KGID100819,Chaaya,18-02-1987,M,O+,0,
820,26,900,7,3,KGID100820,Samuel,05-06-1999,F,AB+,0,
821,17,1194,4,3,KGID100821,Advik,02-12-1984,F,O+,0,
822,13,501,4,3,KGID100822,Arunima,06-06-1998,F,O-,0,
823,3,382,1,3,KGID100823,Yochana,27-09-1979,F,O+,0,
824,19,978,1,4,KGID100824,Tamanna,12-03-1985,M,O+,0,
825,29,561,6,3,KGID100825,Ijaya,02-04-1996,F,O+,0,
826,8,949,6,3,KGID100826,Nidra,07-11-1987,M,B+,0,
827,22,807,7,2,KGID100827,Jonathan,07-06-1974,M,O-,0,
828,11,691,6,3,KGID100828,Oliver,08-04-1978,M,A+,0,
829,8,949,4,3,KGID100829,Panini,02-09-1976,F,AB+,0,
830,11,692,4,1,KGID100830,Radha,25-06-1991,M,O+,0,
831,5,1021,6,2,KGID100831,Vihaan,11-07-1983,F,O+,0,
832,22,797,3,2,KGID100832,Sara,19-06-1975,M,O+,0,
833,3,377,4,2,KGID100833,Logan,12-12-1990,F,O-,0,
834,5,1059,2,3,KGID100834,Veer,31-08-1993,M,B+,0,
835,12,641,2,3,KGID100835,Jeevika,11-11-1968,F,O+,0,
836,25,658,3,3,KGID100836,Orinder,12-08-1989,F,A+,0,
837,15,759,1,1,KGID100837,Upkaar,17-05-1978,F,B+,0,
838,22,790,1,4,KGID100838,Saanvi,31-01-1995,F,AB+,0,
839,30,333,7,2,KGID100839,Ekiya,27-02-1998,M,B+,0,
840,12,628,4,4,KGID100840,Veer,30-11-1969,M,O+,0,
841,5,1161,6,2,KGID100841,Mitesh,14-10-1968,M,AB+,0,
842,10,618,6,2,KGID100842,Ekbal,24-05-1987,F,A+,0,
843,6,282,4,3,KGID100843,Balendra,01-12-1987,M,B+,0,
844,21,868,7,2,KGID100844,Deepa,07-01-1996,F,A+,0,
845,1,410,5,4,KGID100845,Timothy,29-12-1991,F,AB+,0,
846,11,717,4,4,KGID100846,Edhitha,02-02-1978,M,A+,0,
847,7,824,2,3,KGID100847,Joshua,12-03-1968,M,O+,0,
848,5,1053,7,2,KGID100848,Gauri,29-03-1994,M,A+,0,
849,24,919,6,2,KGID100849,Harini,12-09-2000,M,O+,0,
850,2,597,2,1,KGID100850,Gayathri,14-01-1983,F,O-,0,
851,26,880,3,2,KGID100851,William,30-10-1998,M,A+,0,
852,2,583,3,4,KGID100852,Hemal,13-01-1997,F,AB+,0,
853,5,1187,6,2,KGID100853,Ekavir,27-05-1989,F,AB+,0,
854,12,645,7,2,KGID100854,Damini,10-02-1999,M,AB+,0,
855,6,297,2,2,KGID100855,Saanvi,29-10-1992,M,B+,0,
856,5,1029,1,2,KGID100856,Januja,08-04-1986,M,O+,0,
857,5,1006,6,1,KGID100857,Anjali,25-09-1976,F,O+,0,
858,5,1067,5,1,KGID100858,Arin,07-07-1969,M,A+,0,
859,8,947,7,1,KGID100859,Saumya,22-12-1982,M,A+,0,
860,11,704,4,4,KGID100860,Abha,22-03-1976,M,O-,0,
861,28,536,4,2,KGID100861,Leela,12-03-1968,M,A+,0,
862,2,586,4,1,KGID100862,Christopher,08-04-1971,F,O-,0,
863,26,898,6,2,KGID100863,Samuel,20-04-2001,F,A+,0,
864,22,801,6,1,KGID100864,Raghav,02-09-1985,F,A+,0,
865,5,1081,1,4,KGID100865,Rehaan,27-05-1994,M,O-,0,
866,13,482,7,3,KGID100866,Zaid,17-06-1991,M,O+,0,
867,4,998,4,3,KGID100867,Widisha,03-02-1993,M,A+,0,
868,21,839,4,2,KGID100868,Forum,22-07-1973,F,O+,0,
869,28,518,1,1,KGID100869,Frado,02-08-2000,M,A+,0,
870,5,1133,5,4,KGID100870,Dipta,03-08-1971,M,A+,0,
871,5,1076,5,1,KGID100871,Rehaan,28-08-1971,M,O+,0,
872,8,937,2,4,KGID100872,Kabir,17-10-1978,F,O+,0,
873,15,753,1,1,KGID100873,Caleb,07-01-1969,M,A+,0,
874,5,1150,3,3,KGID100874,Samar,25-02-1972,F,AB+,0,
875,5,1034,1,1,KGID100875,Neel,21-12-1975,M,A+,0,
876,5,1150,2,2,KGID100876,Ronith,06-08-1969,F,O+,0,
877,17,1193,4,3,KGID100877,Om,27-07-1985,M,O+,0,
878,5,1112,3,2,KGID100878,Vaishnavi,26-12-1970,M,AB+,0,
879,27,687,4,3,KGID100879,Guneet,01-04-2000,F,AB+,0,
880,5,1097,4,2,KGID100880,Guneet,30-09-1979,M,B+,0,
881,4,990,6,1,KGID100881,Harinakshi,30-01-1973,M,A+,0,
882,11,704,5,4,KGID100882,Lekha,23-07-1989,F,B+,0,
883,26,903,4,3,KGID100883,Ojas,03-12-1973,M,B+,0,
884,22,772,4,1,KGID100884,Avi,28-06-2000,F,AB+,0,
885,30,325,1,3,KGID100885,Triveni,26-11-1983,F,A+,0,
886,4,999,7,2,KGID100886,Pranit,12-01-1978,F,O-,0,
887,22,813,6,1,KGID100887,Hitesh,25-11-1991,F,B+,0,
888,22,771,3,4,KGID100888,Advika,09-02-1991,M,O-,0,
889,17,1191,5,1,KGID100889,Bhavika,05-02-1997,M,B+,0,
890,22,795,7,4,KGID100890,Harinakshi,17-03-1999,F,B+,0,
891,3,354,7,4,KGID100891,Yash,03-10-1980,F,B+,0,
892,10,616,3,1,KGID100892,Arin,16-03-1996,M,O-,0,
893,24,936,4,4,KGID100893,Ridhi,12-11-1992,M,A+,0,
894,15,748,4,4,KGID100894,Balvan,14-08-1996,M,AB+,0,
895,18,735,3,1,KGID100895,Mohammed,28-11-1978,F,A+,0,
896,3,383,4,4,KGID100896,Hitesh,04-03-1973,M,O-,0,
897,21,840,1,1,KGID100897,Adweta,27-03-1987,F,O-,0,
898,21,853,2,4,KGID100898,Gaurav,12-03-1989,F,O+,0,
899,5,1123,1,2,KGID100899,Nimrat,20-03-2000,F,O+,0,
900,21,851,7,4,KGID100900,Bhavna,24-09-1993,F,AB+,0,
901,3,394,1,2,KGID100901,Faqid,23-06-1972,M,O+,0,
902,12,641,7,3,KGID100902,Anthony,11-02-1972,F,A+,0,
903,30,324,2,4,KGID100903,Odika,20-12-1976,M,AB+,0,
904,3,387,3,2,KGID100904,Tanish,20-12-1990,M,A+,0,
905,9,1230,7,4,KGID100905,Yashoda,16-09-1976,M,AB+,0,
906,5,1122,7,2,KGID100906,Brinda,07-04-1984,F,A+,0,
907,5,1053,4,1,KGID100907,Tamanna,27-06-1990,M,AB+,0,
908,15,746,6,2,KGID100908,Arya,17-05-1992,F,A+,0,
909,7,821,6,1,KGID100909,Ayushman,14-01-1996,F,O-,0,
910,22,772,5,2,KGID100910,Osha,25-04-1979,M,B+,0,
911,3,384,4,3,KGID100911,Advika,08-02-1980,F,AB+,0,
912,26,901,6,2,KGID100912,Adweta,02-04-1977,F,AB+,0,
913,12,629,3,4,KGID100913,Pallavi,25-07-1967,M,B+,0,
914,11,700,5,3,KGID100914,Janya,05-10-1979,F,O-,0,
915,24,925,2,2,KGID100915,Saumya,01-09-1989,M,O-,0,
916,5,1009,3,3,KGID100916,Aashi,21-03-1973,M,B+,0,
917,22,793,5,3,KGID100917,Nidhi,25-02-1978,M,O+,0,
918,21,853,4,4,KGID100918,Neha,09-03-1987,F,AB+,0,
919,5,1105,1,1,KGID100919,Tanmayi,21-04-1988,M,AB+,0,
920,23,426,1,1,KGID100920,Keya,31-05-1969,M,O+,0,
921,5,1046,7,2,KGID100921,Devika,08-02-1988,F,O+,0,
922,23,427,7,1,KGID100922,Faraj,06-02-1991,F,B+,0,
923,5,1049,5,1,KGID100923,Meera,16-10-1967,F,AB+,0,
924,3,382,5,2,KGID100924,Krishna,20-05-1985,F,B+,0,
925,22,801,7,3,KGID100925,Theodore,17-07-1979,M,AB+,0,
926,27,674,4,3,KGID100926,Shivani,19-05-1995,M,A+,0,
927,5,1039,3,2,KGID100927,Tarak,01-05-1982,F,B+,0,
928,17,1211,6,3,KGID100928,Darika,02-06-1980,M,B+,0,
929,29,579,4,2,KGID100929,Qushi,02-10-1994,M,B+,0,
930,23,455,6,1,KGID100930,Balendra,19-02-1979,F,A+,0,
931,11,716,3,3,KGID100931,Wridesh,26-09-1998,M,B+,0,
932,26,876,7,3,KGID100932,Ishanvi,03-09-1999,M,O+,0,
933,15,755,6,2,KGID100933,Ayaan,09-09-1989,M,B+,0,
934,9,1228,3,1,KGID100934,Udyati,22-03-1968,F,AB+,0,
935,5,1086,5,3,KGID100935,Hitesh,13-06-1973,M,O+,0,
936,22,816,2,2,KGID100936,Aarini,15-07-1986,M,O-,0,
937,23,441,4,4,KGID100937,Teerth,26-04-1980,M,O+,0,
938,13,504,2,3,KGID100938,Vincent,13-03-1988,F,O+,0,
939,29,578,2,4,KGID100939,Meera,20-09-1975,M,A+,0,
940,19,962,3,4,KGID100940,Zarna,13-03-1972,M,O-,0,
941,17,1218,5,2,KGID100941,Jyoti,22-10-1976,M,O+,0,
942,27,668,7,1,KGID100942,Rachana,19-10-1984,F,O+,0,
943,7,831,6,3,KGID100943,Fitan,05-08-1983,M,O-,0,
944,5,1119,7,3,KGID100944,Falguni,15-03-1999,F,AB+,0,
945,30,322,3,2,KGID100945,Barkha,11-01-1985,F,O-,0,
946,3,362,1,2,KGID100946,Baghyawati,09-03-1972,M,A+,0,
947,13,493,6,2,KGID100947,Vritti,26-03-1994,F,A+,0,
948,13,488,5,4,KGID100948,Tarak,01-06-1987,M,B+,0,
949,6,302,4,3,KGID100949,Ekaraj,17-11-1969,M,A+,0,
950,31,353,1,2,KGID100950,Girish,27-02-1968,F,O-,0,
951,31,350,5,2,KGID100951,Devika,19-11-2000,F,AB+,0,
952,27,675,4,4,KGID100952,Arjun,18-06-1997,F,O+,0,
953,6,295,4,1,KGID100953,Aayush,10-02-1983,M,O-,0,
954,31,342,7,1,KGID100954,Hiral,08-11-1986,M,O+,0,
955,9,1228,5,1,KGID100955,Varsha,03-09-1980,F,O+,0,
956,26,899,1,3,KGID100956,Vincent,20-04-1998,F,AB+,0,
957,27,682,7,1,KGID100957,Rachita,01-12-1970,F,B+,0,
958,7,824,2,2,KGID100958,Kabir,23-09-1975,F,O-,0,
959,29,580,6,2,KGID100959,Banjeet,08-05-1975,F,O+,0,
960,9,1250,1,2,KGID100960,Yashawini,19-10-1973,M,A+,0,
961,6,283,5,4,KGID100961,Bina,10-01-1968,M,O+,0,
962,13,493,6,3,KGID100962,Darsh,17-12-1978,M,AB+,0,
963,17,1205,6,2,KGID100963,Meghana,23-08-1980,M,B+,0,
964,13,504,5,3,KGID100964,Yadavi,20-05-1973,M,A+,0,
965,14,463,6,1,KGID100965,Yoshita,22-09-1994,F,O-,0,
966,31,352,3,1,KGID100966,Laban,24-04-1982,F,A+,0,
967,13,480,6,4,KGID100967,Yuvraj,18-03-1971,F,O+,0,
968,1,409,6,2,KGID100968,Robert,27-07-1975,M,O+,0,
969,26,912,1,2,KGID100969,Bishakha,19-05-1980,F,AB+,0,
970,15,739,3,3,KGID100970,Patrick,07-05-1971,M,O-,0,
971,21,858,3,3,KGID100971,Wridesh,27-01-1991,F,B+,0,
972,6,282,3,2,KGID100972,Maanas,13-10-1986,M,AB+,0,
973,29,561,7,3,KGID100973,Faqid,02-07-1980,M,O+,0,
974,5,1176,4,4,KGID100974,Aarav,31-08-1985,F,O+,0,
975,5,1071,3,4,KGID100975,Sanya,26-05-1991,M,B+,0,
976,8,939,5,1,KGID100976,Ranveer,16-01-1983,F,B+,0,
977,17,1190,5,2,KGID100977,Naksh,25-08-1968,F,A+,0,
978,5,1022,1,1,KGID100978,Falguni,31-07-1986,M,O-,0,
979,21,870,4,2,KGID100979,Sanaya,01-07-1978,M,O-,0,
980,16,544,5,4,KGID100980,Ethan,05-11-1995,M,O+,0,
981,27,679,2,3,KGID100981,Anusha,11-03-1997,M,AB+,0,
982,22,791,5,1,KGID100982,Lipika,02-08-1982,F,O+,0,
983,22,792,1,2,KGID100983,Baljiwan,26-06-1997,M,O-,0,
984,23,421,4,2,KGID100984,Gayathri,21-01-1974,M,O-,0,
985,9,1249,5,2,KGID100985,Rehaan,09-08-1991,F,O+,0,
986,30,319,2,4,KGID100986,Rajeshri,23-09-1999,M,A+,0,
987,16,548,3,2,KGID100987,Xavier,27-08-1972,M,B+,0,
988,22,808,7,3,KGID100988,Yochana,20-09-1985,F,AB+,0,
989,17,1217,4,1,KGID100989,Karan,30-03-1979,M,O+,0,
990,3,383,6,3,KGID100990,Bhavika,16-05-1991,F,O-,0,
991,7,835,5,2,KGID100991,Balhaar,06-02-1982,F,AB+,0,
992,25,652,5,1,KGID100992,Yashodhara,07-12-1978,F,AB+,0,
993,17,1207,2,4,KGID100993,Ekalinga,13-07-1979,F,O+,0,
994,22,776,7,4,KGID100994,Lohit,29-05-1994,M,O-,0,
995,5,1181,2,4,KGID100995,Vrinda,12-05-1985,M,B+,0,
996,3,356,5,3,KGID100996,Wahab,22-01-1996,M,B+,0,
997,14,469,2,3,KGID100997,Henry,04-11-1989,M,B+,0,
998,11,702,7,3,KGID100998,Elijah,06-05-1981,M,AB+,0,
999,19,969,4,4,KGID100999,Diya,31-05-1984,M,O-,0,
1000,23,443,6,4,KGID101000,Yamini,14-03-1987,M,B+,0,
1001,30,322,2,2,KGID101001,Yashoda,21-12-2000,M,O-,0,
1002,30,318,5,2,KGID101002,David,08-06-1992,M,B+,0,
1003,16,542,2,4,KGID101003,Ria,13-12-1968,M,O+,0,
1004,9,1247,1,2,KGID101004,Indrajit,23-08-1988,F,O-,0,
1005,15,760,7,4,KGID101005,Wahab,29-09-1995,M,B+,0,
1006,5,1128,4,2,KGID101006,Lila,14-12-1994,M,O-,0,
1007,8,953,5,3,KGID101007,Wyatt,15-05-1977,M,O+,0,
1008,9,1222,4,1,KGID101008,Amruta,22-03-2001,M,AB+,0,
1009,27,672,2,1,KGID101009,Ikbal,17-05-1974,M,B+,0,
1010,22,813,7,4,KGID101010,Vedika,10-02-1976,M,O-,0,
1011,3,376,2,4,KGID101011,Darsh,02-06-1991,M,O-,0,
1012,22,793,7,1,KGID101012,Mugdha,02-05-1972,M,AB+,0,
1013,8,953,2,1,KGID101013,Fitan,09-05-1973,F,O-,0,
1014,11,708,3,1,KGID101014,Ayushman,22-01-1969,F,B+,0,
1015,9,1238,7,4,KGID101015,Jagdish,10-03-1989,F,O+,0,
1016,26,881,7,1,KGID101016,Jagrati,08-03-1971,F,B+,0,
1017,16,538,4,2,KGID101017,Shravya,01-07-1969,M,O+,0,
1018,26,890,5,4,KGID101018,Om,03-07-1981,F,B+,0,
1019,6,283,6,1,KGID101019,Jacob,06-07-1981,M,O-,0,
1020,6,285,4,2,KGID101020,Nitara,05-12-1989,F,AB+,0,
1021,12,648,1,2,KGID101021,Yashodhara,23-05-1997,F,O-,0,
1022,16,537,3,4,KGID101022,Forum,29-06-2001,F,O-,0,
1023,29,560,6,4,KGID101023,Dakshesh,28-06-1995,M,AB+,0,
1024,21,843,7,4,KGID101024,Charles,31-08-1990,M,O+,0,
1025,21,850,5,4,KGID101025,Ekaraj,19-06-1988,F,O+,0,
1026,21,869,3,4,KGID101026,Rajata,09-09-1971,M,A+,0,
1027,5,1043,2,4,KGID101027,Ishita,15-03-1975,M,A+,0,
1028,13,497,5,4,KGID101028,Gaurav,16-11-1982,F,O-,0,
1029,26,906,6,1,KGID101029,Parth,12-06-1995,M,AB+,0,
1030,24,929,1,1,KGID101030,Harshil,24-11-1980,M,AB+,0,
1031,9,1226,5,4,KGID101031,Wridesh,09-11-1985,M,A+,0,
1032,16,547,2,3,KGID101032,Pallavi,23-12-2000,M,O-,0,
1033,30,316,6,4,KGID101033,William,06-05-1992,F,O-,0,
1034,8,949,5,3,KGID101034,Aahana,25-07-1987,M,B+,0,
1035,24,933,4,4,KGID101035,Bhavna,25-08-1971,M,B+,0,
1036,5,1148,6,3,KGID101036,Arunima,10-09-1980,M,A+,0,
1037,5,1080,5,2,KGID101037,Dhruv,22-08-1969,M,A+,0,
1038,12,646,2,1,KGID101038,Kavya,04-03-1988,M,A+,0,
1039,29,560,7,4,KGID101039,Samarth,09-08-1984,F,AB+,0,
1040,11,693,5,2,KGID101040,Aarini,07-01-1989,M,A+,0,
1041,17,1219,1,3,KGID101041,Turvi,02-02-1991,F,O+,0,
1042,5,1113,3,2,KGID101042,Aishani,13-04-1972,M,AB+,0,
1043,9,1230,4,1,KGID101043,Mitesh,06-01-1998,F,B+,0,
1044,11,694,5,1,KGID101044,Triya,24-03-1974,M,O-,0,
1045,29,579,3,1,KGID101045,Raagini,07-10-1976,F,O-,0,
1046,5,1110,7,3,KGID101046,Aarav,22-03-1996,F,AB+,0,
1047,21,854,4,2,KGID101047,Yahvi,18-08-1967,F,AB+,0,
1048,19,975,4,1,KGID101048,Yagnesh,02-06-1971,F,A+,0,
1049,16,542,1,4,KGID101049,Varsha,06-01-1980,M,B+,0,
1050,5,1097,3,4,KGID101050,Qabil,15-07-1975,F,O-,0,
1051,7,826,1,3,KGID101051,Geetika,25-01-1972,M,O+,0,
1052,3,373,4,3,KGID101052,Kabir,03-12-1970,M,O-,0,
1053,9,1231,2,4,KGID101053,Ekapad,11-10-1974,F,O+,0,
1054,13,501,5,3,KGID101054,Tristan,31-05-1994,M,B+,0,
1055,22,788,6,2,KGID101055,Caleb,15-09-1990,M,B+,0,
1056,5,1171,3,2,KGID101056,Ekalinga,17-10-1979,M,B+,0,
1057,5,1132,2,3,KGID101057,Jyoti,15-06-1976,M,A+,0,
1058,3,400,1,4,KGID101058,Luke,01-11-1978,M,O-,0,
1059,30,321,7,4,KGID101059,Vasana,20-06-1997,F,O-,0,
1060,2,600,4,3,KGID101060,Gopal,22-01-1991,F,B+,0,
1061,5,1060,5,3,KGID101061,Faras,02-08-1989,F,B+,0,
1062,5,1046,5,2,KGID101062,Samaksh,13-11-1990,M,O-,0,
1063,5,1096,4,4,KGID101063,Abhimanyu,15-10-1997,M,O-,0,
1064,12,633,4,2,KGID101064,Tanay,07-06-1988,F,A+,0,
1065,4,993,5,4,KGID101065,Fiyaz,03-07-1973,F,A+,0,
1066,6,290,6,2,KGID101066,Om,06-07-1981,F,O-,0,
1067,3,381,3,3,KGID101067,Vasatika,20-03-1998,F,B+,0,
1068,21,839,3,2,KGID101068,Sarthak,18-06-1989,F,AB+,0,
1069,26,905,3,3,KGID101069,Eshana,03-09-1992,M,AB+,0,
1070,11,712,2,4,KGID101070,Siya,27-02-1993,F,O+,0,
1071,5,1152,4,3,KGID101071,Anika,02-07-1970,F,B+,0,
1072,21,863,2,2,KGID101072,Vedant,17-01-1993,M,O+,0,
1073,5,1101,2,4,KGID101073,Abeer,27-12-1989,F,B+,0,
1074,23,427,7,2,KGID101074,Chanakya,27-12-1970,F,A+,0,
1075,23,458,4,4,KGID101075,Aashi,12-09-1968,M,O-,0,
1076,7,824,6,3,KGID101076,Gauri,22-06-1995,F,O+,0,
1077,28,534,5,1,KGID101077,Vyanjana,07-07-1997,F,A+,0,
1078,4,985,2,1,KGID101078,Tanvi,19-07-1994,M,O+,0,
1079,15,765,7,1,KGID101079,Bhanumati,26-10-1979,F,O+,0,
1080,16,544,3,3,KGID101080,Yashvi,28-09-2000,F,O+,0,
1081,6,298,4,1,KGID101081,Yashawini,28-04-1983,F,O-,0,
1082,13,481,5,2,KGID101082,Ojas,18-05-1990,F,O+,0,
1083,10,610,6,4,KGID101083,Omkaar,07-06-1972,F,A+,0,
1084,27,668,5,3,KGID101084,Watika,08-03-1984,F,B+,0,
1085,5,1167,2,3,KGID101085,Nitara,23-06-1981,F,O-,0,
1086,21,863,4,1,KGID101086,Charles,04-12-1990,M,B+,0,
1087,12,629,2,3,KGID101087,Ojasvi,02-04-2000,F,O+,0,
1088,4,1005,3,4,KGID101088,Sara,06-04-1997,F,AB+,0,
1089,5,1077,7,3,KGID101089,Gautami,28-08-1976,F,AB+,0,
1090,23,449,2,1,KGID101090,Shaurya,28-11-1992,M,B+,0,
1091,8,955,3,1,KGID101091,Chakradev,23-12-1979,M,B+,0,
1092,27,684,1,1,KGID101092,Samesh,11-02-1999,M,AB+,0,
1093,21,839,1,1,KGID101093,Jeevika,06-12-1973,F,O-,0,
1094,5,1061,1,1,KGID101094,Pratyush,18-10-1991,F,O-,0,
1095,23,437,1,4,KGID101095,Radhika,03-05-1999,F,B+,0,
1096,28,531,6,3,KGID101096,Vinaya,05-04-1974,F,B+,0,
1097,1,412,5,2,KGID101097,Gaurangi,23-10-1977,M,A+,0,
1098,8,957,3,3,KGID101098,Maya,18-05-1996,F,AB+,0,
1099,5,1169,5,3,KGID101099,Xavier,18-02-1997,F,B+,0,
1100,9,1249,6,2,KGID101100,Thomas,26-02-1974,F,O-,0,
1101,18,723,5,3,KGID101101,Pallavi,06-10-1990,F,AB+,0,
1102,7,830,2,1,KGID101102,Arunima,28-05-1987,F,O+,0,
1103,25,652,4,3,KGID101103,Oliver,10-10-1975,M,O+,0,
1104,6,288,1,2,KGID101104,Vedant,29-05-1975,F,O+,0,
1105,15,758,5,1,KGID101105,Wyatt,05-12-1991,F,AB+,0,
1106,2,584,1,4,KGID101106,Idika,18-06-1972,F,O-,0,
1107,28,514,7,1,KGID101107,Sara,15-07-1999,F,B+,0,
1108,11,699,5,4,KGID101108,Prisha,20-08-1988,F,B+,0,
1109,23,445,6,4,KGID101109,Vivaan,21-07-1979,F,B+,0,
1110,16,547,1,4,KGID101110,Yoshita,17-08-1987,M,O-,0,
1111,5,1060,7,3,KGID101111,Warjas,10-05-1969,F,O-,0,
1112,5,1106,3,4,KGID101112,Veer,31-10-1984,M,A+,0,
1113,14,464,2,3,KGID101113,Falan,04-11-1986,M,AB+,0,
1114,26,910,4,3,KGID101114,Nandini,27-06-1995,F,B+,0,
1115,10,606,1,2,KGID101115,Finn,04-12-1967,M,O-,0,
1116,6,300,2,1,KGID101116,Pushti,19-04-1973,F,O+,0,
1117,1,406,6,4,KGID101117,Ridhi,05-10-1980,M,B+,0,
1118,3,370,2,1,KGID101118,Harinakshi,26-01-2000,F,B+,0,
1119,12,628,4,3,KGID101119,Ishaan,30-10-1994,F,O+,0,
1120,15,752,6,1,KGID101120,Om,17-07-1986,F,A+,0,
1121,5,1141,7,2,KGID101121,Vrinda,02-01-1987,M,O+,0,
1122,5,1072,4,1,KGID101122,Pranit,07-03-1979,F,B+,0,
1123,14,474,7,3,KGID101123,Dakshesh,14-10-1987,F,A+,0,
1124,3,402,7,2,KGID101124,Chavvi,12-08-1994,F,AB+,0,
1125,28,531,6,1,KGID101125,Simon,24-06-1968,M,AB+,0,
1126,5,1030,7,1,KGID101126,Lucky,15-04-1999,M,AB+,0,
1127,27,676,6,3,KGID101127,Pushti,20-09-2000,F,B+,0,
1128,24,922,6,1,KGID101128,Faraj,10-09-1999,M,O+,0,
1129,22,770,6,3,KGID101129,Falguni,03-08-1985,M,O+,0,
1130,5,1186,1,2,KGID101130,Alka,02-07-1993,M,B+,0,
1131,24,926,4,3,KGID101131,Henry,03-11-1987,M,B+,0,
1132,5,1091,3,1,KGID101132,Ojas,05-07-1984,F,B+,0,
1133,6,287,1,4,KGID101133,Gabriel,20-01-1975,M,O+,0,
1134,5,1067,1,2,KGID101134,Chanakya,26-09-2000,M,AB+,0,
1135,3,371,6,3,KGID101135,Bhavya,10-10-1979,M,A+,0,
1136,12,642,6,2,KGID101136,Barkha,09-03-1970,M,B+,0,
1137,22,777,2,3,KGID101137,Janani,31-07-1983,F,AB+,0,
1138,5,1028,2,1,KGID101138,Udyati,15-09-1969,F,O+,0,
1139,5,1019,2,3,KGID101139,Kalpit,06-01-1984,M,AB+,0,
1140,4,1001,4,3,KGID101140,Tara,28-06-1999,F,B+,0,
1141,21,858,2,3,KGID101141,Falan,07-10-1979,F,AB+,0,
1142,16,559,7,2,KGID101142,Warinder,16-10-1979,M,O-,0,
1143,23,436,4,3,KGID101143,Oviya,05-02-1976,F,O-,0,
1144,25,653,4,1,KGID101144,Yochana,11-08-1985,F,B+,0,
1145,5,1182,1,3,KGID101145,Zilmil,26-04-1990,M,O+,0,
1146,5,1016,1,4,KGID101146,Barkha,11-03-1972,M,O-,0,
1147,19,977,4,2,KGID101147,Daniel,08-05-1988,F,O+,0,
1148,11,697,6,3,KGID101148,Arin,02-08-1968,M,A+,0,
1149,22,813,6,1,KGID101149,Hitesh,06-03-1976,M,B+,0,
1150,23,460,7,1,KGID101150,Aradhana,20-03-1973,M,A+,0,
1151,22,775,2,1,KGID101151,Rishi,13-07-1999,M,O-,0,
1152,24,935,7,4,KGID101152,Libni,05-01-1989,F,O-,0,
1153,24,916,6,3,KGID101153,Radha,20-02-1981,M,O+,0,
1154,13,504,5,1,KGID101154,Zinal,28-06-1970,M,B+,0,
1155,8,949,4,1,KGID101155,Neha,29-12-1984,F,A+,0,
1156,12,647,5,4,KGID101156,Fariq,14-10-1982,F,A+,0,
1157,5,1121,5,3,KGID101157,Chavvi,15-01-1971,M,A+,0,
1158,5,1132,3,1,KGID101158,Harini,05-12-1998,M,O-,0,
1159,3,377,1,2,KGID101159,Anjali,24-09-1988,F,B+,0,
1160,14,475,5,2,KGID101160,Diya,21-07-1978,M,O-,0,
1161,5,1045,5,4,KGID101161,William,22-09-1989,M,O-,0,
1162,12,644,6,4,KGID101162,Fiyaz,24-06-1995,F,A+,0,
1163,23,448,7,2,KGID101163,Theodore,23-10-1998,F,O-,0,
1164,10,623,6,2,KGID101164,Ira,21-07-1992,F,O+,0,
1165,17,1202,3,3,KGID101165,Chatresh,18-08-1998,F,AB+,0,
1166,5,1060,6,4,KGID101166,Ishaan,25-02-1980,F,O-,0,
1167,28,524,5,2,KGID101167,Yatin,18-07-1970,F,O-,0,
1168,9,1226,6,3,KGID101168,Samarth,15-08-1967,F,AB+,0,
1169,18,736,4,1,KGID101169,Forum,28-11-1993,M,O+,0,
1170,26,888,1,2,KGID101170,Aachal,13-03-1996,F,A+,0,
1171,2,585,2,2,KGID101171,Saumya,09-09-1976,F,A+,0,
1172,5,1068,7,3,KGID101172,Gaurang,31-07-2000,M,A+,0,
1173,30,316,4,3,KGID101173,Harita,24-08-1986,M,B+,0,
1174,16,549,3,2,KGID101174,Vamakshi,29-01-2000,M,O+,0,
1175,5,1108,3,1,KGID101175,Vrinda,23-11-1978,F,O-,0,
1176,17,1217,2,1,KGID101176,Avi,18-07-1975,F,AB+,0,
1177,23,455,4,1,KGID101177,Balvan,26-10-1982,F,A+,0,
1178,5,1026,7,4,KGID101178,Tara,15-01-1974,M,A+,0,
1179,17,1221,7,3,KGID101179,Samar,11-01-1996,F,AB+,0,
1180,11,704,7,1,KGID101180,Hemangini,14-02-2000,M,O-,0,
1181,9,1228,1,4,KGID101181,Zilmil,24-11-1968,M,O+,0,
1182,22,814,1,3,KGID101182,Lohit,11-02-1969,M,O+,0,
1183,22,792,6,2,KGID101183,Chatura,22-09-1982,M,A+,0,
1184,19,967,6,4,KGID101184,Anjali,20-06-1980,F,O-,0,
1185,21,867,5,1,KGID101185,Vyanjana,17-08-1980,M,AB+,0,
1186,29,574,7,4,KGID101186,Siddharth,05-08-1995,M,B+,0,
1187,10,622,1,4,KGID101187,Anamika,11-02-1976,M,O-,0,
1188,27,686,3,1,KGID101188,Dhruv,24-11-1998,F,O-,0,
1189,18,722,7,2,KGID101189,Sanaya,22-02-1968,M,AB+,0,
1190,21,850,2,4,KGID101190,Robert,07-12-1999,F,O-,0,
1191,13,478,5,2,KGID101191,Lavanya,08-12-1974,M,A+,0,
1192,16,550,7,4,KGID101192,Onkar,30-06-2001,F,O-,0,
1193,3,369,1,4,KGID101193,Yashvi,04-02-2000,F,O+,0,
1194,12,634,2,3,KGID101194,Kamala,12-08-2000,F,O-,0,
1195,8,949,1,3,KGID101195,Yutika,08-11-1979,M,O+,0,
1196,26,909,7,4,KGID101196,Chameli,15-06-1989,M,AB+,0,
1197,30,323,7,2,KGID101197,Kai,24-03-1999,M,O+,0,
1198,23,437,7,1,KGID101198,Abeer,10-04-1971,M,A+,0,
1199,28,526,5,2,KGID101199,Theodore,13-10-1994,F,A+,0,
1200,12,629,6,1,KGID101200,Mugdha,26-01-1996,F,AB+,0,
1201,15,760,1,3,KGID101201,Ekiya,01-02-1997,M,O-,0,
1202,13,494,2,3,KGID101202,Riya,29-11-1977,F,O-,0,
1203,5,1025,2,1,KGID101203,Nathan,14-08-1999,F,O-,0,
1204,17,1205,6,1,KGID101204,Bhavani,26-08-1985,F,B+,0,
1205,31,339,3,2,KGID101205,Yadavi,26-11-1985,F,A+,0,
1206,15,754,6,1,KGID101206,Faras,19-03-1976,M,AB+,0,
1207,8,954,3,3,KGID101207,Jeet,13-01-1996,M,A+,0,
1208,29,577,7,4,KGID101208,Turvi,06-10-1994,M,AB+,0,
1209,22,798,6,1,KGID101209,Waida,27-12-1993,F,AB+,0,
1210,5,1165,5,1,KGID101210,Aishani,27-12-1982,M,B+,0,
1211,22,790,4,1,KGID101211,Azad,27-05-1993,M,B+,0,
1212,9,1222,5,3,KGID101212,Ekavir,11-09-1982,F,AB+,0,
1213,27,680,6,2,KGID101213,Yash,12-01-1996,M,O+,0,
1214,19,978,3,3,KGID101214,Lohit,05-09-1987,F,B+,0,
1215,22,791,3,1,KGID101215,Xavier,07-12-1982,F,AB+,0,
1216,17,1189,7,1,KGID101216,Manthan,25-11-1989,F,B+,0,
1217,23,433,3,4,KGID101217,Geetika,24-04-1981,M,A+,0,
1218,5,1025,4,2,KGID101218,Neelima,18-04-1976,F,B+,0,
1219,21,864,2,4,KGID101219,Ayush,16-05-1990,F,O-,0,
1220,10,615,4,2,KGID101220,Amol,09-02-1993,M,B+,0,
1221,21,872,5,2,KGID101221,Nisha,31-03-1980,M,O+,0,
1222,4,983,6,2,KGID101222,Vansha,30-06-1989,F,B+,0,
1223,8,949,5,2,KGID101223,Shaurya,30-07-1969,F,A+,0,
1224,21,848,5,1,KGID101224,Avni,14-01-1998,M,O+,0,
1225,5,1137,2,1,KGID101225,Abdul,03-10-1995,F,AB+,0,
1226,11,699,3,4,KGID101226,Kevin,30-07-1998,F,B+,0,
1227,5,1075,2,1,KGID101227,Eiravati,28-07-1981,M,B+,0,
1228,6,304,7,3,KGID101228,Chaitaly,26-11-1991,M,O-,0,
1229,28,515,2,1,KGID101229,Bhavini,19-01-1991,F,A+,0,
1230,19,982,7,4,KGID101230,Parth,15-05-1978,M,O-,0,
1231,5,1144,5,4,KGID101231,Vinaya,25-10-1980,F,B+,0,
1232,5,1150,4,4,KGID101232,Urishilla,13-01-1977,F,B+,0,
1233,23,445,2,2,KGID101233,Bishakha,28-02-1979,M,AB+,0,
1234,5,1060,1,3,KGID101234,Anusha,10-07-1970,F,B+,0,
1235,5,1038,6,2,KGID101235,Bhavani,15-11-1995,M,A+,0,
1236,23,459,4,4,KGID101236,Yachana,27-09-1980,F,AB+,0,
1237,5,1186,2,4,KGID101237,Banjeet,17-12-1997,F,A+,0,
1238,26,900,6,4,KGID101238,Nathan,04-11-1970,F,AB+,0,
1239,26,904,6,1,KGID101239,Kai,07-09-1967,M,AB+,0,
1240,15,745,7,1,KGID101240,Indali,11-04-1990,M,O-,0,
1241,7,828,4,1,KGID101241,Robert,14-07-1995,F,O-,0,
1242,5,1061,6,1,KGID101242,Saksham,26-02-1978,M,O+,0,
1243,18,728,4,3,KGID101243,Hardik,20-10-1999,F,AB+,0,
1244,23,448,4,3,KGID101244,Eshana,28-01-1998,M,O-,0,
1245,17,1203,2,4,KGID101245,Siddharth,16-01-1971,F,A+,0,
1246,5,1017,5,1,KGID101246,Omaja,29-08-1975,M,O-,0,
1247,9,1238,6,2,KGID101247,Manbir,25-05-1983,F,AB+,0,
1248,10,609,4,1,KGID101248,Karan,08-03-1972,M,AB+,0,
1249,26,882,6,2,KGID101249,Chaitaly,20-05-1987,F,A+,0,
1250,28,534,3,2,KGID101250,Jeevika,23-06-1991,M,A+,0,
1251,3,394,6,4,KGID101251,Chameli,07-11-1990,F,A+,0,
1252,22,814,6,4,KGID101252,Jagrati,20-09-1988,M,AB+,0,
1253,21,841,4,1,KGID101253,Avni,22-01-1986,M,O+,0,
1254,21,857,7,2,KGID101254,Aarnav,14-07-2001,M,B+,0,
1255,14,461,7,1,KGID101255,Chavvi,09-10-1983,F,O+,0,
1256,2,594,6,4,KGID101256,Rachit,12-03-1991,F,B+,0,
1257,3,398,2,2,KGID101257,Unnati,23-01-2000,M,O-,0,
1258,5,1061,3,1,KGID101258,Rudra,31-12-1989,F,AB+,0,
1259,5,1153,4,1,KGID101259,Mohammed,09-05-1981,F,B+,0,
1260,13,500,5,4,KGID101260,Urvi,19-05-1973,F,AB+,0,
1261,18,730,1,1,KGID101261,Anya,21-09-1999,M,O-,0,
1262,29,562,5,2,KGID101262,Aadhya,20-07-1969,M,B+,0,
1263,23,429,1,3,KGID101263,Madhav,05-11-1985,M,B+,0,
1264,5,1152,1,3,KGID101264,Darika,23-05-1993,F,A+,0,
1265,30,328,1,4,KGID101265,Hitesh,15-06-1990,M,B+,0,
1266,19,966,3,2,KGID101266,Jyoti,19-06-1969,F,O-,0,
1267,12,646,1,1,KGID101267,Jacob,04-07-1989,F,O+,0,
1268,25,655,4,1,KGID101268,Atharv,15-11-1975,F,O-,0,
1269,31,344,3,4,KGID101269,Ethan,29-12-1975,M,A+,0,
1270,4,989,7,3,KGID101270,Ishani,31-05-1999,F,O-,0,
1271,11,701,5,2,KGID101271,Joshua,16-05-1977,M,O-,0,
1272,30,337,1,1,KGID101272,Veer,25-12-1973,F,O-,0,
1273,9,1234,7,3,KGID101273,Ladli,22-06-1977,F,O-,0,
1274,5,1146,3,3,KGID101274,Kashvi,07-12-1980,F,B+,0,
1275,26,907,5,4,KGID101275,Anmol,11-03-1993,F,AB+,0,
1276,5,1105,2,2,KGID101276,Advika,18-01-1985,F,B+,0,
1277,6,279,1,1,KGID101277,Eshana,17-04-1973,F,A+,0,
1278,5,1033,7,2,KGID101278,Chasmum,05-08-1981,F,AB+,0,
1279,30,324,3,3,KGID101279,Nisha,03-04-1998,M,A+,0,
1280,24,933,2,3,KGID101280,Ekalinga,29-08-1997,F,A+,0,
1281,2,593,3,3,KGID101281,Owen,30-12-1991,M,A+,0,
1282,19,980,3,3,KGID101282,Nisha,05-11-1997,F,O-,0,
1283,26,908,1,2,KGID101283,Janani,03-10-1996,M,O+,0,
1284,5,1131,3,4,KGID101284,Thomas,16-04-1982,F,A+,0,
1285,8,939,2,4,KGID101285,Ekavir,19-07-1992,M,AB+,0,
1286,17,1191,7,3,KGID101286,Pratyush,06-04-1999,F,AB+,0,
1287,9,1228,6,1,KGID101287,Michael,25-12-1985,F,O-,0,
1288,5,1020,6,3,KGID101288,Nilima,30-03-1976,M,B+,0,
1289,21,869,6,3,KGID101289,Mohini,20-12-1991,F,A+,0,
1290,23,430,3,1,KGID101290,Sudiksha,15-11-1981,F,AB+,0,
1291,24,919,5,2,KGID101291,Timothy,05-10-1968,F,B+,0,
1292,26,887,1,3,KGID101292,Janya,16-08-1979,F,A+,0,
1293,16,556,4,1,KGID101293,Jairaj,13-05-1995,F,B+,0,
1294,25,658,4,3,KGID101294,Tarak,03-04-1969,M,O-,0,
1295,2,587,2,1,KGID101295,Ranbir,23-07-1989,F,A+,0,
1296,5,1074,2,1,KGID101296,Aarnav,02-04-1983,F,O-,0,
1297,6,303,7,4,KGID101297,Yashasvi,06-03-1982,M,B+,0,
1298,10,626,4,3,KGID101298,Ishaan,15-04-1991,F,B+,0,
1299,5,1065,7,1,KGID101299,Wriddhish,29-08-1997,M,B+,0,
1300,5,1019,1,4,KGID101300,Anmol,21-08-1969,F,O-,0,
1301,3,396,1,3,KGID101301,Kai,02-05-1980,M,O-,0,
1302,5,1170,1,3,KGID101302,Vansha,25-06-1986,F,A+,0,
1303,3,383,5,3,KGID101303,Bachittar,13-06-1983,M,O-,0,
1304,5,1054,3,2,KGID101304,Zansi,11-03-1978,F,B+,0,
1305,14,475,3,3,KGID101305,Ojas,22-09-1994,F,AB+,0,
1306,19,965,1,3,KGID101306,Shivansh,24-08-1984,M,B+,0,
1307,16,558,1,1,KGID101307,Abha,15-05-1991,M,B+,0,
1308,7,833,3,3,KGID101308,Lucky,27-03-1991,F,B+,0,
1309,9,1243,6,3,KGID101309,Kritika,11-10-1970,M,B+,0,
1310,31,350,3,3,KGID101310,Krishna,22-07-1972,F,A+,0,
1311,1,411,1,4,KGID101311,Chavvi,05-03-1985,M,A+,0,
1312,27,670,1,1,KGID101312,Oni,18-03-2001,F,AB+,0,
1313,14,461,6,4,KGID101313,Pavani,28-09-1993,F,O+,0,
1314,10,618,7,2,KGID101314,Tanish,21-10-1984,M,AB+,0,
1315,21,859,2,1,KGID101315,Laksh,11-02-1996,F,A+,0,
1316,15,744,3,4,KGID101316,Sara,15-12-1990,F,B+,0,
1317,9,1248,2,2,KGID101317,Watika,22-02-1983,F,O+,0,
1318,27,679,2,3,KGID101318,Diya,27-03-1997,F,AB+,0,
1319,22,777,1,1,KGID101319,Nathan,26-05-1975,F,A+,0,
1320,12,637,4,4,KGID101320,Omkaar,25-01-1969,M,O+,0,
1321,5,1064,3,2,KGID101321,Inaya,18-08-1980,M,AB+,0,
1322,5,1115,6,1,KGID101322,Imaran,30-05-1995,F,O-,0,
1323,8,943,1,3,KGID101323,Urvashi,01-05-1978,F,AB+,0,
1324,26,882,4,2,KGID101324,Anmol,26-06-1991,M,O-,0,
1325,23,440,4,4,KGID101325,Gauri,02-06-1976,M,O+,0,
1326,13,491,7,4,KGID101326,Ekavir,23-02-1996,F,O-,0,
1327,5,1084,3,2,KGID101327,Akshay,02-10-1986,M,A+,0,
1328,5,1035,6,4,KGID101328,Jackson,21-10-1967,M,O-,0,
1329,26,888,4,3,KGID101329,Faris,02-07-1973,M,AB+,0,
1330,23,458,3,4,KGID101330,Warinder,04-01-1985,M,O-,0,
1331,3,389,6,4,KGID101331,Champak,05-07-1969,F,AB+,0,
1332,8,938,6,1,KGID101332,Waida,08-12-2000,M,B+,0,
1333,5,1114,2,1,KGID101333,Imaran,16-05-1984,M,B+,0,
1334,15,741,5,3,KGID101334,Harshil,20-09-1974,F,O-,0,
1335,21,869,4,2,KGID101335,Gaurang,10-05-1980,M,O+,0,
1336,2,584,5,3,KGID101336,Wishi,21-05-1972,F,O+,0,
1337,3,369,5,1,KGID101337,Eesha,02-10-1978,F,B+,0,
1338,5,1150,3,1,KGID101338,Janaki,10-01-1985,F,O-,0,
1339,30,332,1,3,KGID101339,Nihal,22-02-1986,M,O+,0,
1340,5,1164,1,2,KGID101340,Kavya,11-12-1992,F,O-,0,
1341,27,681,6,3,KGID101341,Yochana,02-04-1983,F,AB+,0,
1342,27,668,4,2,KGID101342,Xavier,10-09-2000,M,AB+,0,
1343,23,420,2,4,KGID101343,Onkar,15-06-1972,F,AB+,0,
1344,23,435,3,2,KGID101344,Reyansh,23-08-1979,M,A+,0,
1345,31,351,6,1,KGID101345,Brinda,10-07-1978,M,AB+,0,
1346,8,951,4,2,KGID101346,Sarthak,23-12-1980,M,B+,0,
1347,24,935,7,4,KGID101347,Hema,14-11-1978,F,O-,0,
1348,9,1230,4,2,KGID101348,Hamsini,18-08-1997,F,O-,0,
1349,11,712,5,4,KGID101349,Darsh,24-07-1973,F,O+,0,
1350,28,509,2,4,KGID101350,Saanvi,27-01-1978,M,O-,0,
1351,22,788,7,2,KGID101351,Ganga,28-08-1985,F,AB+,0,
1352,9,1226,5,3,KGID101352,Triveni,06-12-1990,M,A+,0,
1353,21,859,4,3,KGID101353,Balveer,15-12-1972,M,O-,0,
1354,22,771,6,1,KGID101354,Gunbir,10-09-1992,M,O-,0,
1355,5,1157,7,3,KGID101355,Ria,01-06-1981,F,O-,0,
1356,3,358,5,1,KGID101356,Qushi,07-07-1997,M,AB+,0,
1357,24,923,6,1,KGID101357,Sathvik,05-11-1969,F,O-,0,
1358,30,332,3,1,KGID101358,Elijah,14-01-1987,F,AB+,0,
1359,22,802,4,3,KGID101359,Unni,06-07-1982,F,O+,0,
1360,5,1095,3,3,KGID101360,Onkar,11-12-1975,M,A+,0,
1361,4,989,5,3,KGID101361,Yatin,07-11-1988,F,A+,0,
1362,24,922,4,2,KGID101362,Parth,28-08-1998,M,O+,0,
1363,5,1106,6,1,KGID101363,Yutika,12-10-1985,F,AB+,0,
1364,3,362,2,1,KGID101364,Dhriti,26-03-1973,F,O+,0,
1365,1,413,5,3,KGID101365,Ayush,19-10-1999,F,O+,0,
1366,6,292,6,1,KGID101366,Urvashi,20-11-1978,M,O-,0,
1367,5,1034,2,4,KGID101367,Zilmil,26-05-1990,F,B+,0,
1368,16,545,7,2,KGID101368,Chanakya,12-04-1991,F,B+,0,
1369,5,1096,5,1,KGID101369,Unnati,23-03-1970,F,A+,0,
1370,23,426,5,2,KGID101370,Mugdha,06-11-1991,F,AB+,0,
1371,5,1066,4,2,KGID101371,Wyatt,22-08-1969,F,B+,0,
1372,13,493,5,3,KGID101372,Brinda,28-02-1990,M,O+,0,
1373,5,1051,7,1,KGID101373,Idika,26-01-1988,M,B+,0,
1374,15,753,4,4,KGID101374,Teerth,23-01-1983,F,AB+,0,
1375,5,1042,7,2,KGID101375,Urvashi,26-08-1989,F,AB+,0,
1376,15,763,3,2,KGID101376,Udyati,11-04-1972,F,A+,0,
1377,29,573,7,4,KGID101377,Amaira,26-07-1984,F,O+,0,
1378,7,820,6,1,KGID101378,Pavani,16-05-1999,M,O-,0,
1379,24,930,3,4,KGID101379,Udyati,29-04-1968,F,O+,0,
1380,16,554,3,1,KGID101380,Rehaan,06-06-1987,F,O-,0,
1381,27,678,4,2,KGID101381,Jack,01-03-1969,M,O-,0,
1382,10,623,6,2,KGID101382,Jalsa,04-07-1983,F,O-,0,
1383,6,288,6,1,KGID101383,Rehaan,09-09-1977,M,A+,0,
1384,11,699,1,1,KGID101384,Upkaar,12-10-1996,F,O+,0,
1385,13,502,6,3,KGID101385,Ati,11-05-1985,F,B+,0,
1386,30,312,1,1,KGID101386,Saanvi,09-06-1996,M,O-,0,
1387,8,950,7,2,KGID101387,Ekapad,05-06-1978,M,A+,0,
1388,3,366,7,2,KGID101388,Fiyaz,25-03-1988,F,O-,0,
1389,5,1100,2,1,KGID101389,Triya,08-11-1979,M,O+,0,
1390,29,579,4,1,KGID101390,Saksham,20-10-1994,F,O+,0,
1391,5,1065,4,3,KGID101391,Hritik,06-08-1989,F,B+,0,
1392,5,1077,1,3,KGID101392,Damyanti,06-03-1978,M,AB+,0,
1393,27,675,3,1,KGID101393,Upma,29-01-1976,F,O+,0,
1394,23,460,4,1,KGID101394,Caleb,21-12-1989,F,B+,0,
1395,26,902,4,2,KGID101395,Aarna,05-07-1987,F,A+,0,
1396,23,425,5,4,KGID101396,Upkaar,23-10-1976,M,O-,0,
1397,24,936,1,4,KGID101397,Karan,16-08-1969,F,A+,0,
1398,30,313,1,1,KGID101398,Praneel,13-10-1987,F,AB+,0,
1399,6,297,4,2,KGID101399,Ijaya,11-01-1970,M,A+,0,
1400,19,958,4,3,KGID101400,Aachal,16-03-1988,M,O+,0,
1401,17,1204,4,1,KGID101401,Rajeshri,16-02-1971,F,AB+,0,
1402,18,724,4,1,KGID101402,Yatin,02-05-1974,M,A+,0,
1403,27,671,6,4,KGID101403,Eta,16-06-1975,M,O-,0,
1404,7,826,3,3,KGID101404,Shaurya,05-07-1990,F,AB+,0,
1405,30,334,6,1,KGID101405,Bishakha,27-10-1971,F,O-,0,
1406,5,1151,3,1,KGID101406,Benjamin,02-03-1979,F,O+,0,
1407,8,941,2,2,KGID101407,Abeer,15-03-2001,M,AB+,0,
1408,8,954,2,3,KGID101408,Turvi,27-07-1970,F,A+,0,
1409,24,923,6,3,KGID101409,Victor,01-12-1992,F,A+,0,
1410,5,1184,6,4,KGID101410,Wridesh,13-05-1986,M,B+,0,
1411,30,314,2,1,KGID101411,Sanya,06-08-1973,M,AB+,0,
1412,27,676,1,3,KGID101412,Aachal,06-04-1973,F,O-,0,
1413,5,1132,7,4,KGID101413,Shaurya,05-04-1994,M,A+,0,
1414,10,625,1,3,KGID101414,Anya,02-03-1974,M,AB+,0,
1415,3,399,2,4,KGID101415,Ekapad,24-12-1968,M,O-,0,
1416,28,516,1,1,KGID101416,Siddharth,24-10-1998,M,AB+,0,
1417,8,947,1,4,KGID101417,Bimala,13-01-1985,M,B+,0,
1418,4,996,6,2,KGID101418,Michael,21-03-1973,M,B+,0,
1419,24,925,1,3,KGID101419,Onkar,27-06-1989,M,AB+,0,
1420,26,903,2,1,KGID101420,Samuel,08-10-1975,M,A+,0,
1421,22,787,5,2,KGID101421,David,23-10-1997,M,B+,0,
1422,11,714,3,4,KGID101422,Ishani,31-03-1991,F,A+,0,
1423,19,978,5,2,KGID101423,Nidra,10-05-1983,F,B+,0,
1424,5,1060,1,2,KGID101424,Udyati,24-03-1975,F,A+,0,
1425,3,401,3,2,KGID101425,Shivani,14-02-1996,F,B+,0,
1426,4,991,3,2,KGID101426,Vrinda,20-12-1993,F,B+,0,
1427,9,1225,5,1,KGID101427,Siya,08-06-1985,M,A+,0,
1428,5,1088,7,4,KGID101428,Ishani,06-05-1979,M,A+,0,
1429,5,1178,4,1,KGID101429,Henry,04-05-1978,M,A+,0,
1430,14,461,1,3,KGID101430,Diya,25-11-1990,F,AB+,0,
1431,4,986,2,2,KGID101431,Anmol,12-02-1980,M,O+,0,
1432,22,813,4,4,KGID101432,Sai,10-09-1982,M,B+,0,
1433,26,903,6,1,KGID101433,Sudiksha,18-02-1983,M,AB+,0,
1434,26,904,1,3,KGID101434,Girish,29-09-1979,F,AB+,0,
1435,6,282,5,2,KGID101435,Abha,09-10-1999,M,A+,0,
1436,7,820,1,3,KGID101436,Aahana,11-07-1974,M,AB+,0,
1437,5,1066,6,2,KGID101437,Gavin,19-07-1986,F,A+,0,
1438,13,476,1,2,KGID101438,Vamakshi,10-09-1993,F,AB+,0,
1439,23,458,2,1,KGID101439,Advaith,30-10-1988,M,O+,0,
1440,29,569,2,4,KGID101440,Harshil,11-09-1981,F,O+,0,
1441,26,909,7,4,KGID101441,Parth,29-06-1980,M,A+,0,
1442,5,1036,1,2,KGID101442,Isaiah,02-05-1995,M,A+,0,
1443,22,774,5,1,KGID101443,Leela,17-04-1985,M,B+,0,
1444,5,1016,4,3,KGID101444,Chanakya,09-03-1971,F,B+,0,
1445,5,1043,6,3,KGID101445,Nicholas,08-02-1973,M,A+,0,
1446,10,611,2,1,KGID101446,Darpan,08-06-1977,M,AB+,0,
1447,5,1168,2,4,KGID101447,Oliver,11-10-1980,M,A+,0,
1448,15,760,5,4,KGID101448,Anmol,17-12-1971,M,AB+,0,
1449,23,426,2,4,KGID101449,Yahvi,08-11-1993,M,AB+,0,
1450,25,660,2,4,KGID101450,Rayaan,08-10-1991,M,O+,0,
1451,16,554,2,3,KGID101451,Siddharth,09-08-1974,M,A+,0,
1452,4,986,5,1,KGID101452,Omaja,14-09-1986,F,B+,0,
1453,3,391,7,4,KGID101453,Tara,25-07-1992,F,AB+,0,
1454,23,453,7,3,KGID101454,Charles,18-04-1993,M,O+,0,
1455,26,896,2,2,KGID101455,Bhavani,14-11-1999,M,A+,0,
1456,11,699,7,4,KGID101456,Sachi,11-05-1984,M,O-,0,
1457,15,762,7,4,KGID101457,Bimala,09-03-1998,F,A+,0,
1458,5,1025,4,2,KGID101458,Ekaraj,24-08-1976,M,O+,0,
1459,18,722,5,2,KGID101459,Gunbir,25-05-1983,M,O-,0,
1460,17,1197,1,4,KGID101460,Chaitanya,13-12-1993,M,A+,0,
1461,15,759,6,1,KGID101461,Ekaja,21-09-1972,F,O-,0,
1462,27,681,4,1,KGID101462,Gaurang,12-04-1972,F,AB+,0,
1463,28,524,1,1,KGID101463,Nachiket,10-11-1971,F,B+,0,
1464,1,413,3,3,KGID101464,Ikbal,26-07-1974,M,A+,0,
1465,6,294,4,3,KGID101465,Hiral,18-10-1993,M,AB+,0,
1466,5,1156,5,1,KGID101466,Idika,09-07-1989,F,AB+,0,
1467,5,1068,2,4,KGID101467,Omaja,01-10-1979,M,O+,0,
1468,24,919,4,1,KGID101468,Nimrat,03-04-1994,M,AB+,0,
1469,17,1192,6,3,KGID101469,Aayush,15-12-1992,M,O+,0,
1470,11,714,7,3,KGID101470,Gayathri,26-02-1999,M,A+,0,
1471,26,913,3,1,KGID101471,Vritti,07-06-1978,F,A+,0,
1472,3,391,4,3,KGID101472,Janya,02-10-1967,F,O-,0,
1473,30,319,3,3,KGID101473,Hemang,20-11-1987,M,O-,0,
1474,4,999,1,2,KGID101474,Anamika,25-03-1976,M,O+,0,
1475,28,522,5,1,KGID101475,Warjas,24-10-1984,F,O-,0,
1476,5,1170,6,2,KGID101476,Advaith,08-10-1988,M,O+,0,
1477,12,639,3,4,KGID101477,Lucky,21-02-1987,F,A+,0,
1478,31,342,3,3,KGID101478,Qasim,05-06-1968,F,AB+,0,
1479,22,791,5,1,KGID101479,Yatin,08-08-1972,F,O-,0,
1480,19,972,7,3,KGID101480,Triveni,14-04-1968,F,O-,0,
1481,25,654,7,1,KGID101481,Ekanta,09-10-1982,M,AB+,0,
1482,3,367,1,4,KGID101482,Charles,11-08-1982,M,O+,0,
1483,3,356,1,2,KGID101483,Ucchal,09-07-1995,F,A+,0,
1484,4,991,2,4,KGID101484,Yagnesh,30-07-1967,M,B+,0,
1485,22,811,6,1,KGID101485,Praneel,02-10-1970,F,AB+,0,
1486,19,976,5,2,KGID101486,Barkha,25-03-1993,F,O+,0,
1487,11,708,4,1,KGID101487,Daksh,05-09-1994,F,B+,0,
1488,31,342,1,2,KGID101488,Janya,01-04-1969,F,AB+,0,
1489,21,870,3,3,KGID101489,Radha,28-05-1986,F,O-,0,
1490,19,959,6,4,KGID101490,Megha,24-09-1977,F,O+,0,
1491,21,858,2,3,KGID101491,Janani,02-01-1998,M,O+,0,
1492,28,510,4,3,KGID101492,Anay,08-02-1997,F,A+,0,
1493,23,429,3,3,KGID101493,Daksh,03-08-1992,F,B+,0,
1494,26,911,2,3,KGID101494,Waida,08-12-1985,M,B+,0,
1495,5,1137,6,2,KGID101495,Viraj,30-10-1982,M,B+,0,
1496,3,397,1,3,KGID101496,Damyanti,25-05-1978,M,AB+,0,
1497,16,544,3,2,KGID101497,Zarna,18-11-1980,M,O-,0,
1498,4,1002,1,3,KGID101498,Irya,31-12-1989,F,B+,0,
1499,25,659,4,2,KGID101499,Ekaja,02-07-1977,F,A+,0,
1500,17,1220,1,4,KGID101500,Girik,26-11-1983,F,B+,0,
